year,county_fips,local_area_code,local_area_name,city_code,food_insecure_pct,unemployment_rate,supply_gap_lbs,vulnerable_pop,weighted_score,rank
2025,36005,BX0401,Concourse-Concourse Village,nyc,0.262888860837351,0.105381561135316,-102142.62426294,0.565126930906478,5.13309591627623,161
2025,36005,BX0303,Crotona Park East,nyc,0.272400413234306,0.130889716341075,-333492.64867191,0.552228532094304,5.6287942357816,141
2025,36061,MN1102,East Harlem (North),nyc,0.266786682455466,0.105574146897611,527499.52610583,0.472751314422441,5.90883983576242,121
2025,36005,BX0602,Tremont,nyc,0.289584866240738,0.121410982376521,-113652.81465869,0.531750176645879,5.71196328534263,134
2025,36047,BK1204,Mapleton-Midwood (West),nyc,0.168730309836163,0.0564740609204852,451455.520860002,0.609795479009688,5.73160812270385,132
2025,36047,BK0503,East New York-New Lots,nyc,0.204577823158855,0.116611332797995,-506273.12917545,0.505565035290468,5.11041174893704,162
2025,36005,BX0101,Mott Haven-Port Morris,nyc,0.326518799414868,0.144292411722578,611663.47133657,0.526090102172263,6.32951890258863,74
2025,36005,BX1202,Eastchester-Edenwald-Baychester,nyc,0.16958910249721,0.098348492315043,-113911.46111921,0.552486499708356,5.54066298082916,146
2025,36085,SI0302,Great Kills-Eltingville,nyc,0.104192097593969,0.0533104199009259,1091230.79111141,0.450600986590704,6.51795102190116,62
2025,36061,MN0801,Upper East Side-Lenox Hill-Roosevelt Island,nyc,0.132194654431929,0.0409582401264027,1488620.7768,0.529484463276836,6.73965047747035,49
2025,36005,BX1201,Williamsbridge-Olinville,nyc,0.202591928781108,0.0960848543863974,401560.88541765,0.557955587863683,6.02041669769004,106
2025,36061,MN0604,East Midtown-Turtle Bay,nyc,0.127368383089366,0.0592318637239973,1000801.33361314,0.507279182253568,6.52060697161948,61
2025,36047,BK1602,Brownsville,nyc,0.279724602073538,0.139584046195073,478463.71579005,0.521613183000867,6.25906008173344,81
2025,36061,MN0502,Midtown-Times Square,nyc,0.157860332504483,0.0516704310208767,144714.999478159,0.48216319650098,5.46252733013762,149
2025,36047,BK0703,Sunset Park (Central),nyc,0.216634297683794,0.0756168288886942,1305476.96006984,0.762302649801496,7.18786325265179,27
2025,36005,BX0603,Belmont,nyc,0.305805943601508,0.136164076278944,369930.98008093,0.572235563803078,6.40388300840688,68
2025,36005,BX0802,Kingsbridge-Marble Hill,nyc,0.249555297170308,0.0805291723845053,1149186.17394613,0.547463378300091,7.10316863076793,33
2025,36005,BX1003,Pelham Bay-Country Club-City Island,nyc,0.177309026798131,0.0820670514475743,1022815.339499,0.53558648111332,6.8081756538971,45
2025,36061,MN0901,Morningside Heights,nyc,0.209679129021316,0.0937578327373165,183281.64306546,0.467512636899747,5.93042531060169,116
2025,36047,BK0802,Crown Heights (North),nyc,0.188466476694275,0.0864637015567629,-23547.3246267601,0.416832131535862,5.07894805152408,163
2025,36005,BX0302,Claremont Village-Claremont (East),nyc,0.333618387487546,0.142332116624392,32152.70121665,0.504390371761828,6.22782931459377,84
2025,36085,SI0303,Arden Heights-Rossville,nyc,0.0896653633333493,0.0476467837523996,600174.677844235,0.464704201200343,6.04297510641435,100
2025,36047,BK0601,Carroll Gardens-Cobble Hill-Gowanus-Red Hook,nyc,0.154108767424627,0.0705818853544769,488191.29092672,0.44418273005496,5.72970583449657,133
2025,36047,BK1303,Brighton Beach,nyc,0.222746101896529,0.0509719210963425,960517.03151223,0.71817199945997,6.56392284566587,58
2025,36005,BX1004,Co-op City,nyc,0.138631207839605,0.0647896397961564,779628.418676589,0.518421411989622,6.30376207899849,77
2025,36081,QN0602,Forest Hills,nyc,0.131688428650739,0.0432549333699161,1029708.81093998,0.548438847115059,6.08351365383986,96
2025,36047,BK0702,Sunset Park (West),nyc,0.180140036996967,0.0547450585723803,808625.08857096,0.571706898903111,6.28290676388013,80
2025,36061,MN0802,Upper East Side-Carnegie Hill,nyc,0.0998946522067021,0.0454494713826626,-267239.2548257,0.570104694609892,4.77142011997786,173
2025,36081,QN0703,Bay Terrace-Clearview,nyc,0.124178499007546,0.0531709192290082,617762.51874879,0.565477462080752,6.11844453104596,92
2025,36061,MN0303,East Village,nyc,0.206834265962872,0.0555197114153715,1537743.68842889,0.362158685610712,6.85453352460258,41
2025,36085,SI0203,Todt Hill-Emerson Hill-Lighthouse Hill-Manor Heights,nyc,0.12582748512179,0.0518929531691716,451452.129284963,0.556129261995905,5.80431979608889,128
2025,36047,BK1502,Madison,nyc,0.163411348925547,0.0538026490033107,910007.411086672,0.590984388333919,6.29220932244255,79
2025,36005,BX0102,Melrose,nyc,0.307664468063119,0.152143491759819,-1183933.94646053,0.506249844685768,4.47628077366744,178
2025,36047,BK0204,Clinton Hill,nyc,0.135011227672103,0.0749537425652071,35166.374775185,0.375702917771883,5.77126226663878,129
2025,36047,BK1102,Bath Beach,nyc,0.162995451983137,0.0458848368388488,942381.436912158,0.60899889703497,6.33998068255111,72
2025,36047,BK0301,Bedford-Stuyvesant (West),nyc,0.207374114293961,0.0771066069016745,871913.37333999,0.425066660589348,5.97941221553853,111
2025,36005,BX0801,Kingsbridge Heights-Van Cortlandt Village,nyc,0.225310506317776,0.103966853464594,1444845.00693503,0.586921757334341,7.63937179217273,14
2025,36061,MN0602,Gramercy,nyc,0.124072012746813,0.0303296605324154,507842.027125365,0.349998114843721,5.95683139920434,112
2025,36047,BK0102,Williamsburg,nyc,0.164819201043476,0.0694017772049297,1011421.07761282,0.381054734802616,6.32693035938762,75
2025,36047,BK0402,Bushwick (East),nyc,0.201866135895292,0.0788125001101459,-40369.7071064101,0.433704521134296,5.23432371661445,157
2025,36005,BX0702,Bedford Park,nyc,0.256408372837993,0.135522584358452,685490.71897698,0.61366856880242,6.72406102426013,50
2025,36081,QN1104,Oakland Gardens-Hollis Hills,nyc,0.105686209745759,0.0455582149579281,573885.310129969,0.55818231633332,5.99553465325631,109
2025,36081,QN1401,Far Rockaway-Bayswater,nyc,0.197381007307407,0.0993348817383329,486153.45877199,0.584273242847129,6.11615671692814,93
2025,36081,QN1403,Breezy Point-Belle Harbor-Rockaway Park-Broad Channel,nyc,0.136354930102033,0.0691387038773027,728457.249977604,0.506217677944021,6.61739123023816,55
2025,36047,BK0101,Greenpoint,nyc,0.157372650600512,0.0741511147577547,1153881.91747087,0.359038417416575,6.81171414262765,44
2025,36081,QN1101,Auburndale,nyc,0.121739404515342,0.0569183967989518,896800.029996218,0.601129748112283,6.45403505635939,64
2025,36081,QN0601,Rego Park,nyc,0.15734868921635,0.0584005297500501,787641.811453798,0.601220338983051,6.29571882879845,78
2025,36081,QN1003,Howard Beach-Lindenwood,nyc,0.129557797353376,0.0831625607513716,778373.528126481,0.542071405596655,6.56652083606323,57
2025,36005,BX0903,Castle Hill-Unionport,nyc,0.215275023866786,0.0875873920190845,347937.7932147,0.552516650289333,6.05232799732705,99
2025,36081,QN0202,Sunnyside,nyc,0.159101453752862,0.0644191450545096,-105498.50887842,0.578462121371587,5.34386152299883,154
2025,36081,QN0702,Whitestone-Beechhurst,nyc,0.132646535988435,0.0871110677674794,808755.543930184,0.548544535471501,6.66190737136034,54
2025,36061,MN0803,Upper East Side-Yorkville,nyc,0.131210087674052,0.0476412468061983,1066124.73854754,0.463495883470551,6.20816130945579,88
2025,36081,QN1103,Douglaston-Little Neck,nyc,0.106756879632496,0.0497372966455086,493759.051208256,0.542113083600532,5.93571103192006,115
2025,36081,QN1301,Glen Oaks-Floral Park-New Hyde Park,nyc,0.117038700956302,0.0387238874820224,552168.537574376,0.619564266340012,5.89707362935773,122
2025,36047,BK0104,East Williamsburg,nyc,0.213368842904282,0.0739652789015391,1224484.03196005,0.420086643716397,6.8329836262222,43
2025,36047,BK1704,East Flatbush-Remsen Village,nyc,0.188174278403007,0.11830204015276,-979114.69227613,0.543899190656695,4.73390906028034,174
2025,36061,MN0203,West Village,nyc,0.135733910462781,0.0741453252739923,605981.189659805,0.371394304692786,6.22559569874833,85
2025,36061,MN0601,Stuyvesant Town-Peter Cooper Village,nyc,0.146728511933205,0.0420812913157902,490267.23296912,0.469562445931794,6.04240323303751,101
2025,36081,QN0302,East Elmhurst,nyc,0.145113953646171,0.0596989829328098,-23285.418190612,0.61237491901231,5.55546272086824,143
2025,36081,QN0901,Kew Gardens,nyc,0.138352622005081,0.0616565589656798,346123.541401487,0.504278403275333,5.83075857264001,126
2025,36061,MN0202,Greenwich Village,nyc,0.116356265915322,0.0574423456520575,519331.168772581,0.377383634229146,6.21272153494913,87
2025,36085,SI0107,Mariner's Harbor-Arlington-Graniteville,nyc,0.148039072379052,0.0834685209289287,785018.737638609,0.481835913690113,6.74812670226831,48
2025,36047,BK1201,Sunset Park (East)-Borough Park (West),nyc,0.221370127757889,0.0940639468941064,1197562.98786803,0.730984684130428,7.32859709815417,23
2025,36085,SI0101,St. George-New Brighton,nyc,0.201762306334152,0.0846602520072986,146216.825929215,0.485092707045735,5.99819322538523,108
2025,36061,MN0101,Financial District-Battery Park City,nyc,0.110831941542347,0.0350446731400082,497711.076648413,0.344902073732719,5.62931347774941,140
2025,36081,QN1001,South Ozone Park,nyc,0.140301874584429,0.0969598670079343,551136.10054515,0.550016050571647,6.33243241886826,73
2025,36005,BX0402,Highbridge,nyc,0.258546522447033,0.0845524401379293,839986.799227597,0.521773455016263,6.60961794331726,56
2025,36061,MN0402,Hell's Kitchen,nyc,0.170209054747567,0.0537010290187069,1230494.1809353,0.411329023378787,6.53051108458052,60
2025,36047,BK0505,East New York-City Line,nyc,0.180124928078669,0.0633564217254166,-2231394.17576234,0.517002250745179,2.45259679454699,191
2025,36081,QN0103,Astoria (Central),nyc,0.160661856789053,0.0647956531456774,1399350.54925385,0.404083422057995,6.96580579426652,38
2025,36047,BK0201,Brooklyn Heights,nyc,0.100522500589984,0.0407405028499482,322651.410235809,0.435635226179018,5.63712513480505,139
2025,36005,BX0703,Norwood,nyc,0.246762651573482,0.0912919270893144,330347.81439255,0.594330796267732,6.00279582662779,107
2025,36061,MN0302,Lower East Side,nyc,0.209622740431777,0.0647306912675013,740167.495815,0.47365909731711,6.1949715758589,90
2025,36061,MN0702,Upper West Side (Central),nyc,0.126728683516072,0.039021628289887,1012558.71411999,0.512680574610604,5.95647683778292,113
2025,36081,QN0104,Astoria (East)-Woodside (North),nyc,0.169978099901224,0.0805494208852637,1005084.90302748,0.495304727195339,6.70947426815157,52
2025,36005,BX1002,Throgs Neck-Schuylerville,nyc,0.165879319724867,0.0746247464491897,1379134.20466646,0.472266146421604,6.98213524405173,37
2025,36081,QN0102,Old Astoria-Hallets Point,nyc,0.199761937048582,0.0757315464222939,285730.857931088,0.487077241175602,5.94774867203353,114
2025,36081,QN0704,Murray Hill-Broadway Flushing,nyc,0.157114760477983,0.0521407463389015,1582986.12822155,0.666889483065954,7.11643627565495,31
2025,36085,SI0202,New Dorp-Midland Beach,nyc,0.121280947513643,0.0620723365542174,739392.566019714,0.542606559055387,6.32479629932073,76
2025,36047,BK0902,Prospect Lefferts Gardens-Wingate,nyc,0.160389389920406,0.068996587690215,-238489.9939784,0.465596229241003,5.14947423963706,160
2025,36047,BK1002,Dyker Heights,nyc,0.176064591235995,0.0708693233756313,1173132.89759046,0.614666567097304,6.79900641012328,46
2025,36047,BK1501,Gravesend (East)-Homecrest,nyc,0.183158583438564,0.0806111639901922,1577147.81567521,0.59260054666146,7.27397856049487,24
2025,36005,BX0701,University Heights (North)-Fordham,nyc,0.279462602905241,0.160734322384342,538924.72967146,0.618879069348003,6.84912790059717,42
2025,36005,BX0904,Parkchester,nyc,0.2121294129287,0.108083888135315,1083638.59857437,0.549319841854855,7.07131622230031,34
2025,36081,QN0804,Jamaica Estates-Holliswood,nyc,0.135188212565952,0.0778433342279156,481473.217384359,0.576181351164023,6.4040476104529,67
2025,36047,BK1103,Gravesend (West),nyc,0.19397392683471,0.0907520730498772,1604463.67110222,0.627049106902915,7.36904835746838,20
2025,36081,QN0803,Fresh Meadows-Utopia,nyc,0.120431363981911,0.0432359569315851,515718.061356106,0.565409560413164,5.90963328493894,120
2025,36081,QN1306,Springfield Gardens (South)-Brookville,nyc,0.0958806883690467,0.0705267799327111,-151097.67421373,0.464846778471457,5.58444543980992,142
2025,36081,QN0805,Jamaica Hills-Briarwood,nyc,0.168723178556058,0.098054424865714,294414.83129535,0.573098499673842,6.2172944957284,86
2025,36081,QN0903,South Richmond Hill,nyc,0.143362577960899,0.0653801639874714,-107421.202173893,0.596423083489841,5.54014285560763,147
2025,36085,SI0304,Annadale-Huguenot-Prince's Bay-Woodrow,nyc,0.0873850838251052,0.0350041292956081,620825.608054139,0.474527856468366,5.876969087789,123
2025,36047,BK0103,South Williamsburg,nyc,0.275793815797926,0.0967976040503436,2090950.72621075,0.595109227257907,8.03364938222963,5
2025,36005,BX1001,Westchester Square,nyc,0.213144988468497,0.0670595923343356,-89959.744097822,0.565932280496523,5.3388418357412,155
2025,36005,BX1103,Pelham Gardens,nyc,0.136776300142574,0.0707016678538239,349977.074157966,0.52669724449424,6.1215152914886,91
2025,36061,MN0903,Hamilton Heights-Sugar Hill,nyc,0.219098140052301,0.0990221389749707,1282814.27284754,0.488730249381306,7.1843825125287,28
2025,36081,QN1307,Rosedale,nyc,0.0923928706757567,0.0716025897492243,78887.370869814,0.481240527852734,5.65402150704607,137
2025,36085,SI0305,Tottenville-Charleston,nyc,0.082762358161288,0.0158105829000487,259814.070271157,0.451053725140991,5.54171155493432,145
2025,36047,BK0801,Prospect Heights,nyc,0.116192819769075,0.0458257637076268,159697.329253079,0.406475125010594,5.69270335400672,135
2025,36047,BK0203,Fort Greene,nyc,0.176417230428025,0.0774071825621848,321893.943856061,0.400092606883778,6.03664581723913,102
2025,36047,BK0401,Bushwick (West),nyc,0.196002175650317,0.0791511408020723,790970.28988936,0.386719573676846,6.40930615960276,66
2025,36047,BK1402,Flatbush (West)-Ditmas Park-Parkville,nyc,0.165193996392159,0.062387389062394,-704873.87763811,0.573321489377452,4.31923483450001,181
2025,36005,BX0502,Mount Hope,nyc,0.278987426074243,0.144453241034681,922439.79933915,0.616637063351095,7.12218616837981,30
2025,36081,QN0707,Flushing-Willets Point,nyc,0.209344426260077,0.077509877363287,1500292.96137764,0.771098652832399,7.13226432034198,29
2025,36081,QN0802,Pomonok-Electchester-Hillcrest,nyc,0.159977481423622,0.0752942595570841,414221.843428991,0.52193252391876,5.92015362319955,119
2025,36047,BK1401,Flatbush,nyc,0.15155513808484,0.0531620223266316,597003.07697042,0.486393709566212,5.92647907238339,117
2025,36081,QN0501,Maspeth,nyc,0.147969534078487,0.0667527467822952,1065960.91762597,0.563372909181755,6.66557289568221,53
2025,36081,QN1206,Hollis,nyc,0.136381371249065,0.0914772818411094,-701490.969869714,0.526674583278357,5.05510675210401,165
2025,36061,MN0603,Murray Hill-Kips Bay,nyc,0.121337215519282,0.0320317835746733,1043268.45251766,0.399817867225207,6.23798572292826,83
2025,36047,BK0504,Spring Creek-Starrett City,nyc,0.244219272757895,0.0881621494908201,170505.968828928,0.552938243908519,6.07700627908803,97
2025,36047,BK1101,Bensonhurst,nyc,0.186951187263224,0.072467001567901,2856339.12280089,0.657396135718076,8.48450301029407,3
2025,36047,BK1701,East Flatbush-Erasmus,nyc,0.155143606238209,0.0818857977257864,-258687.52758611,0.480374646046613,5.29301003879074,156
2025,36061,MN0501,Midtown South-Flatiron-Union Square,nyc,0.147046519115777,0.0600834270524088,354582.409155647,0.347489046174587,5.75952211194016,130
2025,36081,QN0101,Astoria (North)-Ditmars-Steinway,nyc,0.159494646368677,0.0744756797293459,1638480.01862568,0.421139739686561,7.34549746839592,22
2025,36081,QN0201,Long Island City-Hunters Point,nyc,0.129165749504834,0.0469885503666177,-16549.040149168,0.471368272951108,5.4444703215835,151
2025,36081,QN0801,Kew Gardens Hills,nyc,0.139007714811356,0.0616409816638873,-175960.45099861,0.528401883122375,5.06749655272767,164
2025,36005,BX1104,Allerton,nyc,0.235435138891795,0.106835510561103,1583720.86586766,0.578908159008284,7.83632189283257,12
2025,36081,QN0402,Corona,nyc,0.198348480192035,0.0700808172958337,2024764.96870776,0.752011519847986,7.90299060397471,11
2025,36081,QN0504,Middle Village,nyc,0.122983613528381,0.0424940493950867,-261754.513595689,0.553532263650006,4.80325939681562,171
2025,36081,QN1203,Baisley Park,nyc,0.123329771885822,0.0905333289981995,-495528.11682838,0.512864533791151,5.19353472916832,159
2025,36005,BX0201,Hunts Point,nyc,0.270301603405937,0.118340000518824,-405519.218561253,0.555814117481137,5.66840365896102,136
2025,36061,MN1202,Washington Heights (North),nyc,0.201532117953393,0.119662972924437,1478920.68303928,0.514294411943775,7.47395389484226,18
2025,36081,QN0705,East Flushing,nyc,0.174407087545034,0.0709290160387194,442076.275743512,0.709090304119252,5.98743248766895,110
2025,36085,SI0301,Oakwood-Richmondtown,nyc,0.128403271280364,0.0700087035321821,529757.683825265,0.506464883925948,6.20365428505666,89
2025,36081,QN0905,Woodhaven,nyc,0.141953057596442,0.0743979152417834,-2162.59609306999,0.557695109513865,5.64258011658385,138
2025,36085,SI0201,Grasmere-Arrochar-South Beach-Dongan Hills,nyc,0.134219526193014,0.0572988372206916,782796.386832488,0.48197534904014,6.23862767965461,82
2025,36047,BK1802,Marine Park-Mill Basin-Bergen Beach,nyc,0.0983018545135555,0.0386145627841919,-200353.596394514,0.537524443145805,4.83132369099854,170
2025,36005,BX1102,Morris Park,nyc,0.168574479525482,0.073113194546055,483336.881360278,0.523183451660969,6.09602750365204,95
2025,36061,MN0102,Tribeca-Civic Center,nyc,0.0967100119069465,0.0265500200099138,341239.983171704,0.397557724556048,5.81368748783857,127
2025,36081,QN1201,Jamaica,nyc,0.204355137028316,0.10165400337576,-2931908.86381,0.634225438061198,2.10934996483048,194
2025,36061,MN0902,Manhattanville-West Harlem,nyc,0.263190616375784,0.129985249862282,829256.969797046,0.458939802336029,7.23102977904507,25
2025,36081,QN0503,Glendale,nyc,0.128455745927166,0.0508053580008413,433586.15995669,0.518622025456558,5.75529526452488,131
2025,36085,SI0204,New Springville-Willowbrook-Bulls Head-Travis,nyc,0.120102048114763,0.0456015176090428,1022020.12315557,0.483889961844646,6.41326306291598,65
2025,36047,BK1202,Borough Park,nyc,0.227656723977898,0.0802591279518371,2177846.46289592,0.644755244755245,7.35034192500212,21
2025,36005,BX0803,Riverdale-Spuyten Duyvil,nyc,0.122185372634483,0.0553170956893985,1208992.72111143,0.584205175992206,6.71819300239696,51
2025,36081,QN0203,Woodside,nyc,0.135208133103648,0.0457264806259138,-363136.00671281,0.708516058973395,4.72618059199914,175
2025,36081,QN0401,Elmhurst,nyc,0.157016999779963,0.0540262983130138,2027995.53292438,0.707468346929504,7.51178195590408,16
2025,36081,QN1002,Ozone Park,nyc,0.133231679644551,0.0595156915840112,-6307.32930436102,0.523374506776462,5.37700970924877,152
2025,36081,QN1102,Bayside,nyc,0.122479364950668,0.0512517298820588,920642.058503727,0.542755344418052,6.39872885380644,69
2025,36085,SI0103,Rosebank-Shore Acres-Park Hill,nyc,0.14151698389884,0.0537350144884185,183229.031435855,0.501035014314028,5.55022041654232,144
2025,36047,BK0501,Cypress Hills,nyc,0.170134791569554,0.0675332185095842,-1502252.40556435,0.554089260061844,3.57070339260562,184
2025,36047,BK0502,East New York (North),nyc,0.207468943975676,0.0861271862619869,-2063224.47525637,0.533756303888075,2.90555823371952,188
2025,36047,BK0901,Crown Heights (South),nyc,0.188614729146248,0.091807269688799,420912.89050075,0.501157385265816,5.85873577913422,125
2025,36047,BK1403,Midwood,nyc,0.178333745909991,0.0554082879653006,1141027.8973394,0.604340731712112,6.45979463106286,63
2025,36061,MN0301,Chinatown-Two Bridges,nyc,0.261963235444299,0.108416337662931,1799039.12939831,0.596920219763213,7.99623865619851,8
2025,36047,BK1203,Kensington,nyc,0.152967730963613,0.0501131842176149,179414.48612416,0.51018635502211,5.35263331256971,153
2025,36047,BK1503,Sheepshead Bay-Manhattan Beach-Gerritsen Beach,nyc,0.155305532297905,0.0538408561695154,1804791.86975866,0.578914373088685,7.47224281977017,19
2025,36061,MN1203,Inwood,nyc,0.203687592947209,0.0826182449320457,-272014.49954441,0.518045486665445,5.23350410540516,158
2025,36081,QN0301,Jackson Heights,nyc,0.176381528460921,0.0885626845167508,2551351.0225222,0.649332091369054,8.3708963486111,4
2025,36081,QN1304,Cambria Heights,nyc,0.0671612370899252,0.0546276122675177,-795601.595177419,0.539547456948338,4.43646550439964,179
2025,36005,BX0503,Fordham Heights,nyc,0.286524692844065,0.137809147117634,623158.3915258,0.660030018072105,6.88989591775223,39
2022,36047,BK43,Midwood,nyc,,0.0009280046929685,-727741.280123081,,6.0565,151
2025,36061,MN0201,SoHo-Little Italy-Hudson Square,nyc,0.141790296655985,0.0370482022723774,436692.290999102,0.396670726755989,5.9260583995269,118
2025,36061,MN0701,Upper West Side-Lincoln Square,nyc,0.140519546076315,0.0613093232670722,1606997.59775469,0.503137277898317,7.11106616982642,32
2025,36081,QN1302,Bellerose,nyc,0.12657758443576,0.0708885048896717,680690.180248387,0.568397175575312,6.34967568957438,70
2025,36085,SI0104,West New Brighton-Silver Lake-Grymes Hill,nyc,0.126370591315808,0.0507666470672932,16143.362143039,0.478910146234257,5.44630899645964,150
2025,36085,SI0106,Port Richmond,nyc,0.179460423435626,0.0875556102783458,-720808.945556749,0.517850306278714,4.94579796203743,168
2025,36047,BK0302,Bedford-Stuyvesant (East),nyc,0.193089043447447,0.0863926255575123,-2502670.87833059,0.421918400432316,1.88056164940185,195
2025,36047,BK0602,Park Slope,nyc,0.104391156695279,0.048366179163061,738769.373497199,0.416194539249147,6.0284673128878,104
2025,36061,MN1001,Harlem (South),nyc,0.178557895964229,0.0805310708829096,-605451.42757938,0.406532385304182,4.70584743651787,176
2025,36061,MN1101,East Harlem (South),nyc,0.253349459931553,0.098119928659895,1724240.69463585,0.484566689985838,7.48968101926535,17
2025,36081,QN0701,College Point,nyc,0.148349692805825,0.094396734620599,919370.186085302,0.657415803108808,6.86671945512864,40
2025,36081,QN0706,Queensboro Hill,nyc,0.147925702824684,0.0540079687241717,517136.566352814,0.753395030681018,6.02044782221288,105
2025,36081,QN1305,Laurelton,nyc,0.0581006358923952,0.0476251488866583,-1208880.82001737,0.476272427682168,3.81922687671002,183
2025,36047,BK0202,Downtown Brooklyn-DUMBO-Boerum Hill,nyc,0.156872453535861,0.0563380208096873,-105866.86783078,0.410132147585621,5.02644977771262,166
2025,36061,MN0703,Upper West Side-Manhattan Valley,nyc,0.17950280049737,0.0749387152223434,1413774.98920573,0.497014838295638,7.20725444368196,26
2025,36081,QN1205,St. Albans,nyc,0.0784323490220584,0.0442696220780687,-2169555.78538276,0.495668495524112,2.64210409404077,190
2025,36085,SI0102,Tompkinsville-Stapleton-Clifton-Fox Hills,nyc,0.193240056615117,0.0509827959675766,-1823011.16477151,0.510229597635826,3.17661075829082,186
2025,36047,BK1001,Bay Ridge,nyc,0.159257890370506,0.0667574587169077,2207304.26225789,0.524416514918889,7.69829540104679,13
2025,36005,BX0301,Morrisania,nyc,0.299794005595627,0.15402021095923,-2098856.93601668,0.50970037244983,3.43217077435961,185
2025,36005,BX0601,West Farms,nyc,0.349440366196161,0.180920590693146,954192.677655184,0.552240473795955,7.90384229504768,10
2025,36005,BX1203,Wakefield-Woodlawn,nyc,0.165906561276872,0.0909850967629759,707055.00738691,0.536471014346942,6.55528445853984,59
2025,36061,MN1201,Washington Heights (South),nyc,0.267761244563723,0.1417649004799,2673103.36007119,0.522362124736012,8.91946054012885,1
2025,36081,QN0902,Richmond Hill,nyc,0.143230872246187,0.0602994423619816,-2328995.19901469,0.572281186605122,2.33964411501979,193
2025,36081,QN0904,Ozone Park (North),nyc,0.161519278606386,0.0694892048202801,-500408.053228031,0.554280503096858,4.78721217489512,172
2025,36047,BK1301,Gravesend (South),nyc,0.193945498248595,0.0777981572107289,-852284.5597621,0.609480329564504,4.34171541473738,180
2025,36047,BK1703,East Flatbush-Rugby,nyc,0.142512085231946,0.0863970092964933,-985286.68582102,0.542516332090243,4.51252755833206,177
2025,36005,BX0501,University Heights (South)-Morris Heights,nyc,0.281788760552973,0.116743851933477,1967725.99158661,0.581859965158086,8.02483698089999,6
2025,36005,BX0902,Soundview-Clason Point,nyc,0.24236934045632,0.130875634619934,600555.36026617,0.52127862855895,6.74912936841233,47
2025,36081,QN0502,Ridgewood,nyc,0.168058064671021,0.0708657227753457,1531860.2259482,0.511761952132951,7.05062426682477,35
2025,36081,QN1303,Queens Village,nyc,0.120162737324295,0.0941091696902336,-1364241.41008293,0.535010862983937,4.06198747578293,182
2025,36085,SI0105,Westerleigh-Castleton Corners,nyc,0.103091285060498,0.0483812228917681,637569.289046739,0.472104363244886,6.06970911336356,98
2025,36047,BK1302,Coney Island-Sea Gate,nyc,0.259402367602132,0.125539665231516,1846332.33955989,0.62078887195122,8.01668725374041,7
2025,36081,QN0105,Queensbridge-Ravenswood-Dutch Kills,nyc,0.21012943017957,0.0847321361139976,-3272725.07376078,0.506746190493508,1.78837351737897,197
2025,36081,QN1202,South Jamaica,nyc,0.160305966427335,0.134753766891193,-2561516.49399059,0.550526853270204,2.93347275092191,187
2025,36005,BX1101,Pelham Parkway-Van Nest,nyc,0.206673691052389,0.101433820210939,1090394.88704868,0.521442324523018,7.04081411301066,36
2025,36061,MN0401,Chelsea-Hudson Yards,nyc,0.157921764854574,0.0560218548099246,723779.41204991,0.378502860467371,5.87294023284155,124
2025,36061,MN1002,Harlem (North),nyc,0.240593237764663,0.123808927865682,1832379.14443154,0.470728307585085,7.57499910728364,15
2025,36081,QN0303,North Corona,nyc,0.16789415703542,0.0436780976799036,563174.7457449,0.805084532238152,6.10449943239686,94
2025,36081,QN1204,Springfield Gardens (North)-Rochdale Village,nyc,0.133693653186896,0.0838086368979642,-731641.08231932,0.487577263362017,4.84827144364228,169
2025,36081,QN1402,Rockaway Beach-Arverne-Edgemere,nyc,0.210258225531432,0.0925476910252904,349017.48683823,0.535198662238866,6.0303443871957,103
2025,36047,BK0701,Windsor Terrace-South Slope,nyc,0.137362593409139,0.0686213757259639,702411.363228388,0.448480587454105,6.34954317722381,71
2025,36047,BK1601,Ocean Hill,nyc,0.200892458171463,0.0831514594339625,-2283447.2240249,0.464134700595012,2.64299034109144,189
2025,36005,BX0403,Mount Eden-Claremont (West),nyc,0.277808461256152,0.137131790954091,1696696.57636403,0.603252795371022,7.95131298309934,9
2025,36005,BX0901,Soundview-Bruckner-Bronx River,nyc,0.246098127232093,0.0937800888856359,2780543.96088838,0.618131746102252,8.78049126099647,2
2025,36047,BK1702,East Flatbush-Farragut,nyc,0.133771045193814,0.0966117994406267,-311007.767624975,0.559906963221398,5.52621102944299,148
2025,36047,BK1801,Flatlands,nyc,0.12643366128125,0.0792731165912334,-2330039.34529109,0.521875,2.34484180104464,192
2025,36047,BK1803,Canarsie,nyc,0.122027664671882,0.0755207191822288,-3437224.58032827,0.520292266512335,1.78848947570703,196
2025,36005,BX0202,Longwood,nyc,0.297805726865102,0.147233279932163,-797194.90866576,0.547319575039687,4.94789207871676,167
2024,36047,BK0101,Greenpoint,nyc,0.126283748352395,0.000734984984984985,897731.135091653,0.123949294302143,5.64915049192354,82
2024,36047,BK0102,Williamsburg,nyc,0.165979680609804,0.000638442594112818,1355335.72556027,0.125033042558816,6.14492574810999,42
2024,36047,BK0103,South Williamsburg,nyc,0.145354628452642,0.00087925144809149,1055387.58648404,0.0769778276248814,6.40405877749661,26
2022,36047,BK44,Madison,nyc,,0.000790911863372981,643644.796569599,,6.70125,78
2024,36047,BK0104,East Williamsburg,nyc,0.35990579601977,0.000637948783940291,3722441.29073862,0.124344106463878,8.22096493451786,1
2024,36047,BK0201,Brooklyn Heights,nyc,0.089620203498783,0.000376900891452543,333889.897295095,0.0979586185069431,4.69222256178629,164
2024,36047,BK0202,Downtown Brooklyn-DUMBO-Boerum Hill,nyc,0.13930035384722,0.000626064904703412,-13128.3120376705,0.144868579454254,4.55854861515963,170
2024,36047,BK0203,Fort Greene,nyc,0.173860654221911,0.000824237478322962,327874.986617178,0.105902573745446,5.7023564477808,75
2024,36047,BK0204,Clinton Hill,nyc,0.178930408089924,0.000759397618491711,432144.914647724,0.10152269291745,5.76835061420085,71
2024,36047,BK0301,Bedford-Stuyvesant (West),nyc,0.155202581340346,0.000776939723091792,232533.459775219,0.102814031180401,5.56316877955452,92
2024,36047,BK0302,Bedford-Stuyvesant (East),nyc,0.172655068153881,0.000912266450040617,-2466102.1283639,0.101918157187422,3.29730895584265,191
2024,36047,BK0401,Bushwick (West),nyc,0.165320866631953,0.00071221520088121,708798.961012008,0.160123348660682,5.95025178166651,56
2024,36047,BK0402,Bushwick (East),nyc,0.152269823034626,0.000757268620410054,-373365.51476811,0.139244437064098,5.07323645657686,133
2024,36047,BK0501,Cypress Hills,nyc,0.140209056368536,0.000546061481739824,-1166484.43704641,0.173593380614657,4.23725451890254,179
2024,36047,BK0502,East New York (North),nyc,0.15794986514071,0.000990893656428461,-1523623.21950544,0.138175752348963,4.3830545254895,175
2024,36047,BK0503,East New York-New Lots,nyc,0.195143050147067,0.00123589851121828,-402377.442568332,0.132276179169729,5.62775479837196,83
2024,36047,BK0504,Spring Creek-Starrett City,nyc,0.223787039658515,0.000813019787783195,188841.677091142,0.0826451689671585,5.7885245198801,69
2024,36047,BK0505,East New York-City Line,nyc,0.151568869467681,0.000642729819200407,-878835.429455159,0.132798679329882,4.57342366233468,169
2024,36047,BK0601,Carroll Gardens-Cobble Hill-Gowanus-Red Hook,nyc,0.168632848946014,0.000716533259729506,690093.40410665,0.106509212839378,5.57433487160647,88
2024,36047,BK0602,Park Slope,nyc,0.0943157762040063,0.000561500158915139,740191.865141086,0.0986880540312368,5.58213332431608,87
2024,36047,BK0701,Windsor Terrace-South Slope,nyc,0.139448810972055,0.000638564549112738,751349.658538681,0.105140559201791,5.74833123746318,73
2024,36047,BK0702,Sunset Park (West),nyc,0.215076997640592,0.000628359856171455,1812385.83201379,0.213317607095678,6.82464285228968,13
2024,36047,BK0703,Sunset Park (Central),nyc,0.132845718549982,0.000716658756525866,552537.649261346,0.332894153136368,5.51442991559863,95
2024,36047,BK0801,Prospect Heights,nyc,0.113242488517452,0.000483685220729367,225138.973241551,0.0938464111032147,4.92653919022203,145
2024,36047,BK0802,Crown Heights (North),nyc,0.152080888143092,0.000865607856834665,-404200.906121022,0.114213756368689,5.06348325995468,134
2024,36047,BK0901,Crown Heights (South),nyc,0.141402684903353,0.000897350749022212,-56409.5558567191,0.148512102831283,4.85381466656411,155
2024,36047,BK0902,Prospect Lefferts Gardens-Wingate,nyc,0.121739353434171,0.00062941310454787,-560298.344602313,0.128526811150738,4.86433565835837,153
2024,36047,BK1001,Bay Ridge,nyc,0.171616470559055,0.00060706626030026,2485987.17356987,0.136605295209715,6.57491123294319,21
2024,36047,BK1002,Dyker Heights,nyc,0.19648817869357,0.000671619613670134,1283956.11219479,0.207215807641947,5.70310257998995,74
2024,36047,BK1101,Bensonhurst,nyc,0.155424458104729,0.000752884535569021,1806362.34943439,0.24856229370803,6.41787351742223,24
2024,36047,BK1102,Bath Beach,nyc,0.168173562190898,0.000546594982078853,899835.001580302,0.20359020071927,5.34978449440163,111
2024,36047,BK1103,Gravesend (West),nyc,0.160026174922749,0.000894036227534338,1223285.62910325,0.218797106581011,6.03311060092135,51
2024,36047,BK1201,Sunset Park (East)-Borough Park (West),nyc,0.161120777462773,0.000912880661343885,802264.456125236,0.290700032711809,5.95156632246419,55
2024,36047,BK1202,Borough Park,nyc,0.196829616121795,0.000753036142825976,1459437.57843072,0.121232124497617,5.94523721564363,58
2024,36047,BK1203,Kensington,nyc,0.127812371206487,0.000566896904579176,134106.502346337,0.142260673804351,4.76313104394445,161
2024,36047,BK1204,Mapleton-Midwood (West),nyc,0.264301365015895,0.000511188398188858,1248582.95032581,0.139909802361056,6.05839081390788,50
2024,36047,BK1301,Gravesend (South),nyc,0.242532110744255,0.000905985686402082,-474243.002695216,0.178278229195853,4.48264229088177,172
2024,36047,BK1302,Coney Island-Sea Gate,nyc,0.241650347626252,0.00101677708912161,1616335.54044771,0.134559337840989,6.613466037368,19
2024,36047,BK1303,Brighton Beach,nyc,0.101668253808515,0.000436076041213177,235949.706253139,0.262026487004194,5.39048288848264,108
2024,36047,BK1401,Flatbush,nyc,0.082271897351528,0.000507073677805385,-424811.029993984,0.16583615819209,4.91109233546926,148
2024,36047,BK1402,Flatbush (West)-Ditmas Park-Parkville,nyc,0.168115427514495,0.000691431175934367,-509307.117265488,0.161292881698199,4.68680831594136,165
2024,36047,BK1403,Midwood,nyc,0.15045870946604,0.000566143256614326,721557.771528911,0.16659314947643,5.68315004615421,78
2024,36047,BK1501,Gravesend (East)-Homecrest,nyc,0.176097742616418,0.00072156050405662,1474982.85347844,0.172488978435636,5.94634601468439,57
2024,36047,BK1502,Madison,nyc,0.14058787366858,0.000534905759713594,708304.466658841,0.162704122977187,5.13182133605294,127
2024,36047,BK1503,Sheepshead Bay-Manhattan Beach-Gerritsen Beach,nyc,0.21106202614062,0.00049082891289065,2607257.13486394,0.159471100268064,7.27745934380549,5
2024,36047,BK1601,Ocean Hill,nyc,0.167348665197161,0.000799204557669569,-2263204.79687492,0.123931623931624,3.53624071094435,188
2024,36047,BK1602,Brownsville,nyc,0.24294125302721,0.00148533671252715,264829.105211529,0.139789836600708,6.41551643790855,25
2024,36047,BK1701,East Flatbush-Erasmus,nyc,0.118153437212388,0.000712755205174853,-737793.869854013,0.163522318174791,4.77394278554593,157
2024,36047,BK1702,East Flatbush-Farragut,nyc,0.0950850096425604,0.00087408592321755,-1047139.98534026,0.169391980035165,4.77165729756101,160
2024,36047,BK1703,East Flatbush-Rugby,nyc,0.0979314510039402,0.000721031688959202,-1377762.1916176,0.163524351676154,4.31750153012957,177
2024,36047,BK1704,East Flatbush-Remsen Village,nyc,0.14464276516581,0.00110243529540242,-1157371.26019768,0.168075923036921,4.81118132441079,156
2024,36047,BK1801,Flatlands,nyc,0.0771957239035191,0.000744290437050742,-3182454.37147252,0.131837348509421,2.49245269494851,193
2024,36047,BK1802,Marine Park-Mill Basin-Bergen Beach,nyc,0.105368653564432,0.000335678965386078,84385.4488251216,0.111475519188865,4.8773343304584,150
2024,36047,BK1803,Canarsie,nyc,0.0750585065639374,0.000702584464680568,-4278148.74096381,0.13398375843532,1.93305910761895,196
2024,36005,BX0101,Mott Haven-Port Morris,nyc,0.314342227982044,0.00131052008938352,1098264.02711379,0.152712374235038,6.90299504052407,11
2024,36005,BX0102,Melrose,nyc,0.227287683593213,0.00113217576187101,-1576332.38684432,0.138126753975678,4.37908517715323,176
2024,36005,BX0201,Hunts Point,nyc,0.265780890247894,0.00140849327489799,-690257.604337158,0.164515462497417,5.32249018377039,113
2024,36005,BX0202,Longwood,nyc,0.209703767071156,0.00170033402258629,-1466094.75301842,0.150632056354338,4.60655468875258,167
2024,36005,BX0301,Morrisania,nyc,0.295619080293999,0.00156155753635815,-2036964.96911641,0.133582489493132,3.99636364127716,182
2024,36005,BX0302,Claremont Village-Claremont (East),nyc,0.315765560507152,0.00149163203414579,110672.465016428,0.12723055706465,6.31235624899672,29
2024,36005,BX0303,Crotona Park East,nyc,0.303480744149402,0.00116609576561475,262736.266835935,0.16302843183823,6.10808044336039,45
2024,36005,BX0401,Concourse-Concourse Village,nyc,0.23817837438243,0.00110851920495942,166276.30050347,0.190736912595353,5.97548654563401,54
2024,36005,BX0402,Highbridge,nyc,0.320695799996719,0.000979188712522046,1268726.47414319,0.151809523809524,6.70239307501771,17
2024,36005,BX0403,Mount Eden-Claremont (West),nyc,0.198831565401075,0.00144192422731805,1144882.03469098,0.212664108640861,7.20760422830564,6
2024,36005,BX0501,University Heights (South)-Morris Heights,nyc,0.294426891906472,0.00119772950016335,2488302.68537993,0.196258375096549,8.07042973812685,2
2024,36005,BX0502,Mount Hope,nyc,0.193826759993169,0.00138561854736461,567009.442649681,0.239394632827127,6.73177274137555,16
2024,36005,BX0503,Fordham Heights,nyc,0.161883264344346,0.00142691788309433,74632.9495575572,0.268291376539904,6.35760055042742,27
2024,36005,BX0601,West Farms,nyc,0.343476420342482,0.00165810615040169,782558.992156596,0.166744035409694,7.12094349997454,8
2024,36005,BX0602,Tremont,nyc,0.312503368682019,0.00124689779649545,133584.205790344,0.163972236724916,6.02141457447067,52
2024,36005,BX0603,Belmont,nyc,0.338661571019709,0.00150283797729618,842296.234673038,0.223635813005892,6.8897794050165,12
2024,36005,BX0701,University Heights (North)-Fordham,nyc,0.266717244220553,0.00133181403828624,795907.586655403,0.242207258261662,6.2888468113217,32
2024,36005,BX0702,Bedford Park,nyc,0.300566547106264,0.00133315969638339,1463638.27020416,0.245536349864019,7.18867393436697,7
2024,36005,BX0703,Norwood,nyc,0.187528779898567,0.00100040217172733,-130707.951518669,0.234357901106937,5.68212952837369,79
2024,36005,BX0801,Kingsbridge Heights-Van Cortlandt Village,nyc,0.192657866633167,0.000980334083639379,1239751.24663314,0.177378615172737,6.22581046402644,38
2024,36005,BX0802,Kingsbridge-Marble Hill,nyc,0.253460440072156,0.000888468809073724,1328926.38279925,0.160591432589608,6.17264991491867,40
2024,36005,BX0803,Riverdale-Spuyten Duyvil,nyc,0.271137486731959,0.000562363446375986,2647476.19307849,0.107259968378419,6.64927631814594,18
2024,36005,BX0901,Soundview-Bruckner-Bronx River,nyc,0.226275793685955,0.00100583515681984,2385048.74164229,0.214300394668255,7.68658040654983,3
2024,36005,BX0902,Soundview-Clason Point,nyc,0.182207722975407,0.00109129312367989,293028.211265991,0.110441799804369,5.69443295826039,77
2024,36005,BX0903,Castle Hill-Unionport,nyc,0.237709215787895,0.000871273543719596,815649.654941075,0.155068962830203,5.81606841518454,66
2024,36005,BX0904,Parkchester,nyc,0.109724791919729,0.00116126412668336,474700.082457706,0.149842824525992,6.11831232913682,44
2024,36005,BX1001,Westchester Square,nyc,0.243074808471988,0.000708231575923,-88214.4147788802,0.179832837332996,5.07583962958938,132
2024,36005,BX1002,Throgs Neck-Schuylerville,nyc,0.154316514367619,0.00071311647429171,1333211.83174242,0.0926646828631991,5.8195384901783,65
2024,36005,BX1003,Pelham Bay-Country Club-City Island,nyc,0.125727555423611,0.000871660699531809,726654.52782675,0.124844293163384,5.56361263830487,91
2024,36005,BX1004,Co-op City,nyc,0.11792364806957,0.000850948509485095,569517.318558906,0.0917110037925295,5.35238737529255,110
2024,36005,BX1101,Pelham Parkway-Van Nest,nyc,0.204711240301692,0.000990854619993693,958064.370252319,0.171599532007354,6.2380453585584,37
2024,36005,BX1102,Morris Park,nyc,0.269606456693721,0.000811789038262668,694844.680447353,0.156811278843103,5.41578731162611,104
2024,36005,BX1103,Pelham Gardens,nyc,0.142047032228168,0.000681249079393136,424307.742435832,0.128965115881004,5.79718665450165,67
2024,36005,BX1104,Allerton,nyc,0.159436711862669,0.00106439960139512,977239.814315569,0.175734240184368,6.59943742477319,20
2024,36005,BX1201,Williamsbridge-Olinville,nyc,0.201643853339768,0.00107373914286736,529461.6104009,0.1618097745376,6.10248482435762,47
2024,36005,BX1202,Eastchester-Edenwald-Baychester,nyc,0.253719215317294,0.000961958395586714,820539.305591008,0.145503765596313,6.24206018029429,36
2024,36005,BX1203,Wakefield-Woodlawn,nyc,0.192769210953295,0.000923591132171264,824032.005172278,0.152812842179204,6.29348818785923,31
2024,36061,MN0101,Financial District-Battery Park City,nyc,0.109892661893708,0.000295646709323583,339484.396606642,0.106754564311092,4.48197619953753,173
2024,36061,MN0102,Tribeca-Civic Center,nyc,0.11870556862497,0.00029798876072168,436350.661958288,0.111944315935568,5.34453338200409,112
2024,36061,MN0201,SoHo-Little Italy-Hudson Square,nyc,0.157907588475072,0.000344803995347883,485670.085448653,0.131773017319964,5.41215467016691,105
2024,36061,MN0202,Greenwich Village,nyc,0.119803644850234,0.000564878850897132,545591.271455395,0.111589714714715,5.24535499119444,117
2024,36061,MN0203,West Village,nyc,0.115382429244912,0.000726764199655766,436653.30189345,0.102591357947041,5.11285628357607,129
2024,36061,MN0301,Chinatown-Two Bridges,nyc,0.174265882153574,0.00115454920691078,1063990.15297659,0.180239401496259,6.80396557274663,14
2024,36061,MN0302,Lower East Side,nyc,0.233934901173695,0.000531901236681073,815973.731548145,0.12557423580786,5.7679779424613,72
2024,36061,MN0303,East Village,nyc,0.158581108360506,0.000533503414121708,737116.123057523,0.11741853551534,5.30790598861125,114
2024,36061,MN0401,Chelsea-Hudson Yards,nyc,0.127383760392784,0.000438310922387356,143771.133501679,0.121906327563421,4.91507928773282,147
2024,36061,MN0402,Hell's Kitchen,nyc,0.122213175859943,0.000635847482711299,677899.670107339,0.147488559298671,5.61715329947525,84
2024,36061,MN0501,Midtown South-Flatiron-Union Square,nyc,0.15546719820338,0.000506851408486577,330563.241654016,0.134051009123583,5.18662022324708,121
2024,36061,MN0502,Midtown-Times Square,nyc,0.334615160758755,0.000577180210964196,909302.541546453,0.156758389885656,5.65616521185215,81
2024,36061,MN0601,Stuyvesant Town-Peter Cooper Village,nyc,0.149736635900597,0.000259750210711823,485342.168771942,0.131035921205098,4.91554650818621,146
2024,36061,MN0602,Gramercy,nyc,0.110228015843561,0.000298978102189781,410034.63548558,0.096545642755818,4.87015737078103,152
2024,36061,MN0603,Murray Hill-Kips Bay,nyc,0.109133967257341,0.000326152396408659,926197.93662432,0.144688399370102,5.49564540784853,98
2024,36061,MN0604,East Midtown-Turtle Bay,nyc,0.0810982726601912,0.000459730116382477,553265.278906079,0.132366082388177,4.94702487238689,143
2024,36061,MN0701,Upper West Side-Lincoln Square,nyc,0.128873476896186,0.000607247548771859,1359491.95357208,0.142296196270616,6.12488282550112,43
2024,36061,MN0702,Upper West Side (Central),nyc,0.12120929682184,0.000441722281273415,922781.255114679,0.132499606578016,5.50203587992592,97
2024,36061,MN0703,Upper West Side-Manhattan Valley,nyc,0.154051257639787,0.000716381665486188,1160549.86403112,0.138185244511448,6.26672640822393,34
2024,36061,MN0801,Upper East Side-Lenox Hill-Roosevelt Island,nyc,0.0901251596931678,0.000366930445647647,983389.715132342,0.16800079649542,5.1725775722408,123
2024,36061,MN0802,Upper East Side-Carnegie Hill,nyc,0.178110404267012,0.000511124473842453,993736.244297001,0.110578117354812,5.12880205935485,128
2024,36061,MN0803,Upper East Side-Yorkville,nyc,0.1015883758849,0.000519640361307549,881719.204402591,0.118807392620259,5.16030380191853,125
2024,36061,MN0901,Morningside Heights,nyc,0.221782402002057,0.00100040076144675,286435.656628784,0.188022874086625,5.87454756716406,59
2024,36061,MN0902,Manhattanville-West Harlem,nyc,0.244139437301672,0.00129248241376388,785225.125520075,0.142470302720654,6.21985801287732,39
2024,36061,MN0903,Hamilton Heights-Sugar Hill,nyc,0.183965652593883,0.000835427135678392,943342.911429751,0.1784102410316,5.79562466237896,68
2024,36061,MN1001,Harlem (South),nyc,0.151227236596811,0.000692028985507246,-1232416.71568931,0.118822324011572,3.80792589205337,186
2024,36061,MN1002,Harlem (North),nyc,0.195962559684842,0.00117705803581561,1169640.71234775,0.127499187067404,6.25534148465763,35
2024,36061,MN1101,East Harlem (South),nyc,0.216546528039296,0.000897057173839883,1517825.79496548,0.129717214865442,6.79679658800228,15
2024,36061,MN1102,East Harlem (North),nyc,0.254377677146908,0.000898082386363636,779599.425861069,0.124609737966921,6.14759982616717,41
2024,36061,MN1201,Washington Heights (South),nyc,0.202871633870162,0.00135997141134166,1816291.43374584,0.193235579939232,7.08711504909587,9
2024,36061,MN1202,Washington Heights (North),nyc,0.242870464071092,0.00122513887376103,2440297.98549901,0.185722448573984,7.38953108516937,4
2024,36061,MN1203,Inwood,nyc,0.149929054382805,0.000834195725534308,-624041.386971921,0.170515862338869,4.58374591854045,168
2024,36081,QN0101,Astoria (North)-Ditmars-Steinway,nyc,0.200952097126989,0.0007719866340556,2040784.74433581,0.131514766462402,6.44508216491109,23
2024,36081,QN0102,Old Astoria-Hallets Point,nyc,0.198158095313971,0.000734655078761543,187938.628122772,0.181569834551751,4.95083273954624,141
2024,36081,QN0103,Astoria (Central),nyc,0.116537202643068,0.000682407320653362,860166.780490197,0.161021869556803,5.85637810665527,61
2024,36081,QN0104,Astoria (East)-Woodside (North),nyc,0.169338830145693,0.000872503840245776,1072940.28535686,0.180106877198636,5.77104964294387,70
2024,36081,QN0105,Queensbridge-Ravenswood-Dutch Kills,nyc,0.18808820461712,0.000724273137530517,-3549293.758594,0.17413403907527,2.24547929945867,195
2024,36081,QN0201,Long Island City-Hunters Point,nyc,0.114591818876171,0.000552689352360044,-129753.359422854,0.205363435696859,5.13858327422342,126
2024,36081,QN0202,Sunnyside,nyc,0.163604988833324,0.000651824409338739,-104606.613041088,0.255485791168916,5.1813325722793,122
2024,36081,QN0203,Woodside,nyc,0.147791710851649,0.000494959448192223,-557994.268884639,0.331395090413173,4.00008275656782,181
2024,36081,QN0301,Jackson Heights,nyc,0.17622214720018,0.000909356156389807,2552899.61208652,0.26408869948819,7.07063041401914,10
2024,36081,QN0302,East Elmhurst,nyc,0.18868591575433,0.000717214700193424,160279.081967766,0.23644187736679,5.59176823750418,85
2024,36081,QN0303,North Corona,nyc,0.137690600610513,0.000317965023847377,408405.276995648,0.396945519780946,5.40912309356267,106
2024,36081,QN0401,Elmhurst,nyc,0.139874560336496,0.000548497001100188,1836059.86860406,0.324009915203951,6.35115193958113,28
2024,36081,QN0402,Corona,nyc,0.140999847546975,0.000668045617173524,1177197.0215739,0.320881437464629,6.48853939117394,22
2024,36081,QN0501,Maspeth,nyc,0.11575337741605,0.000687438621551647,752749.328760964,0.180509019139854,5.85319017615512,62
2024,36081,QN0502,Ridgewood,nyc,0.128227244901408,0.00069790628115653,1390134.29991662,0.195434509271169,6.31223338126821,30
2024,36081,QN0503,Glendale,nyc,0.177229508033383,0.00048825941110697,403126.687652967,0.148102788408967,5.16229329774053,124
2024,36081,QN0504,Middle Village,nyc,0.114182642038981,0.000411921756661036,-481957.925624873,0.148666891663854,3.96253079574673,183
2024,36081,QN0601,Rego Park,nyc,0.172414907266197,0.000547548657304755,871465.203141863,0.203907295576954,5.25160213127945,116
2024,36081,QN0602,Forest Hills,nyc,0.109683925665028,0.000460930288558013,391757.228184131,0.165086305597052,4.75279775735414,162
2024,36081,QN0701,College Point,nyc,0.208133311305922,0.000912898370525489,1361530.21057138,0.19260079751883,6.1004946758041,48
2024,36081,QN0702,Whitestone-Beechhurst,nyc,0.111972234975139,0.000867206762944699,709596.825602113,0.119473419419755,5.56484459892189,90
2024,36081,QN0703,Bay Terrace-Clearview,nyc,0.0996560156171818,0.000593471810089021,498161.785151664,0.10289140233013,5.08688321498661,131
2024,36081,QN0704,Murray Hill-Broadway Flushing,nyc,0.123694449934708,0.00054453980467594,1171346.50584345,0.271103200261542,6.07410383605411,49
2024,36081,QN0705,East Flushing,nyc,0.206989515077508,0.00073649199022536,587386.734248914,0.296046634520114,5.21135806646522,120
2024,36081,QN0706,Queensboro Hill,nyc,0.309174976203475,0.000516427306708637,1220847.02041877,0.284790389801422,5.47261549431794,102
2024,36081,QN0707,Flushing-Willets Point,nyc,0.159595779674519,0.000667160382522459,838894.147898957,0.365199595755432,5.86830141193536,60
2024,36081,QN0801,Kew Gardens Hills,nyc,0.140148585274476,0.000638051044083527,-311932.665043698,0.149332853504595,4.3161430624555,178
2024,36081,QN0802,Pomonok-Electchester-Hillcrest,nyc,0.106585964195157,0.000873329892769081,235557.252383678,0.138003177253022,5.1118200234226,130
2024,36081,QN0803,Fresh Meadows-Utopia,nyc,0.138357700578422,0.000401314651444387,665195.176721195,0.157645246478873,4.97860848453909,138
2024,36081,QN0804,Jamaica Estates-Holliswood,nyc,0.2199280850019,0.000840586528659923,907124.454477122,0.179445923058311,6.27049140932476,33
2024,36081,QN0805,Jamaica Hills-Briarwood,nyc,0.142510293698454,0.000966932388544435,236913.516214615,0.185385949696444,5.83989748894907,64
2024,36081,QN0901,Kew Gardens,nyc,0.135659601460604,0.000544723465594416,72641.3346878265,0.132735295341964,4.61789730939741,166
2024,36081,QN0902,Richmond Hill,nyc,0.136040472734933,0.000653362493165664,-3433101.09946039,0.195819393291912,1.66790910608434,197
2024,36081,QN0903,South Richmond Hill,nyc,0.139875212027195,0.000799419775969055,-343057.394237872,0.251119917298415,4.77253715533171,159
2024,36081,QN0904,Ozone Park (North),nyc,0.283191084275465,0.000747417171357321,417446.997176517,0.197323024180313,4.96047092167062,139
2024,36081,QN0905,Woodhaven,nyc,0.127122545858631,0.000702203750241639,-196114.85626356,0.198228715017737,4.77376596995675,158
2024,36081,QN1001,South Ozone Park,nyc,0.124779318612082,0.000905184174624829,509728.47946863,0.177637640751953,6.01365896588919,53
2024,36081,QN1002,Ozone Park,nyc,0.271452872971131,0.000646939121587248,882376.266838024,0.143128078817734,5.28638919211813,115
2024,36081,QN1003,Howard Beach-Lindenwood,nyc,0.122450967195021,0.000824786631284515,726914.983739483,0.0758675182722065,5.51422341290178,96
2024,36081,QN1101,Auburndale,nyc,0.133997555987611,0.000532557495151011,1001987.83371797,0.180884559843701,5.3760672070723,109
2024,36081,QN1102,Bayside,nyc,0.127918181870676,0.000440458559596292,961224.993704431,0.138565326846378,5.67346554867823,80
2024,36081,QN1103,Douglaston-Little Neck,nyc,0.107753952089155,0.000573564182747311,396606.701676989,0.119990654933416,4.94565042816635,144
2024,36081,QN1104,Oakland Gardens-Hollis Hills,nyc,0.0976167802179699,0.000444230911375564,557889.437230366,0.133043316601599,4.94902217036416,142
2024,36081,QN1201,Jamaica,nyc,0.132252536373262,0.00093649819248346,-1998551.17688904,0.238127055921053,3.92810250288421,184
2024,36081,QN1202,South Jamaica,nyc,0.136627618537958,0.00156208943052598,-3624176.79513963,0.167295310288141,3.1956541851674,192
2024,36081,QN1203,Baisley Park,nyc,0.086241290762511,0.000974732334047109,-925195.428019899,0.149042593884301,4.98117912114011,137
2024,36081,QN1204,Springfield Gardens (North)-Rochdale Village,nyc,0.0703195403118997,0.000693112740490067,-1134213.75368475,0.0969932576079694,4.47230246050486,174
2024,36081,QN1205,St. Albans,nyc,0.0752545687365283,0.000534193364456007,-2915128.18613421,0.119908645884515,2.35487624246713,194
2024,36081,QN1206,Hollis,nyc,0.0924218964795644,0.000840541863881182,-1299441.72436462,0.153156884974274,4.01874343684707,180
2024,36081,QN1301,Glen Oaks-Floral Park-New Hyde Park,nyc,0.310868697493288,0.000418802676166478,1563062.77580299,0.136326682981459,5.59134607956395,86
2024,36081,QN1302,Bellerose,nyc,0.113002377543899,0.00055781227332076,626748.001658419,0.163583857023503,5.56646781244878,89
2024,36081,QN1303,Queens Village,nyc,0.0919930786748086,0.000916785135715939,-1630911.15236098,0.154999734949552,3.74456044660642,187
2024,36081,QN1304,Cambria Heights,nyc,0.0341400081087005,0.000541754756871036,-846870.637062672,0.12153494789932,3.90537409221389,185
2024,36081,QN1305,Laurelton,nyc,0.0291904789988594,0.000504195754883295,-1292000.60372653,0.113383931877083,3.46827110746808,189
2024,36081,QN1306,Springfield Gardens (South)-Brookville,nyc,0.090178388611499,0.000856371147124245,-162404.666645044,0.123805166174452,5.47783421141422,100
2024,36081,QN1307,Rosedale,nyc,0.0548858827211413,0.00074379567325085,20160.5154243239,0.13080159181353,4.86292229382174,154
2024,36081,QN1401,Far Rockaway-Bayswater,nyc,0.161471842093314,0.000984985201761351,289640.305216841,0.152382785433829,5.8437253151416,63
2024,36081,QN1402,Rockaway Beach-Arverne-Edgemere,nyc,0.142190763135925,0.000826226829392841,212972.850001161,0.117891257266613,5.23390308917025,118
2024,36081,QN1403,Breezy Point-Belle Harbor-Rockaway Park-Broad Channel,nyc,0.179651140631586,0.000632847391927193,528665.700381997,0.082640856153604,5.40416469220179,107
2024,36085,SI0101,St. George-New Brighton,nyc,0.0753097437827578,0.000867575158639343,-237746.901649421,0.124681295715778,4.99979652019921,136
2024,36085,SI0102,Tompkinsville-Stapleton-Clifton-Fox Hills,nyc,0.0885306701093913,0.000687328167958011,-1901426.98509383,0.142916860195077,3.32944667155805,190
2024,36085,SI0103,Rosebank-Shore Acres-Park Hill,nyc,0.0808231238186771,0.000790052996331023,-124780.283474785,0.124421008226113,5.21654967230053,119
2024,36085,SI0104,West New Brighton-Silver Lake-Grymes Hill,nyc,0.135019621186396,0.000451186744290193,224845.990993666,0.102332233223322,4.87891469278472,149
2024,36085,SI0105,Westerleigh-Castleton Corners,nyc,0.107164291222002,0.000427072467325275,698446.349424116,0.0915881540586159,5.5399304568253,93
2024,36085,SI0106,Port Richmond,nyc,0.134860325682244,0.000891035963499732,-722445.957726852,0.153227403227403,4.5445749908367,171
2024,36085,SI0107,Mariner's Harbor-Arlington-Graniteville,nyc,0.110478742686906,0.000699603537663922,583181.137723868,0.134356759976176,5.53373479144258,94
2024,36085,SI0201,Grasmere-Arrochar-South Beach-Dongan Hills,nyc,0.116896980248869,0.000507905812763053,644265.224158975,0.115770509977827,5.47635704441748,101
2024,36085,SI0202,New Dorp-Midland Beach,nyc,0.0844664257365591,0.000545592705167173,505741.94173842,0.160502259115267,5.47821093936129,99
2024,36085,SI0203,Todt Hill-Emerson Hill-Lighthouse Hill-Manor Heights,nyc,0.237830659615221,0.000552125215393452,978614.789462743,0.108398825587947,5.69982677085653,76
2024,36085,SI0204,New Springville-Willowbrook-Bulls Head-Travis,nyc,0.16093389760646,0.000502049180327869,1421004.9451251,0.114111684567815,6.1043111967747,46
2024,36085,SI0301,Oakwood-Richmondtown,nyc,0.0954118437090511,0.000618997813064562,352582.752349835,0.0912262872628726,5.44278531796031,103
2024,36085,SI0302,Great Kills-Eltingville,nyc,0.0801330858133018,0.000527345761664435,630573.238306216,0.0763003318485919,5.02297197649948,135
2024,36085,SI0303,Arden Heights-Rossville,nyc,0.0599556481764958,0.000469923562645397,402179.416185866,0.0843245983713045,4.87296242004571,151
2024,36085,SI0304,Annadale-Huguenot-Prince's Bay-Woodrow,nyc,0.0981641555741781,0.000340288611544462,763039.62038734,0.0749321732622322,4.95535215642392,140
2024,36085,SI0305,Tottenville-Charleston,nyc,0.146019989915584,0.000138036809815951,484231.064088728,0.0703730358642198,4.72457518225924,163
2023,36047,BK0101,Greenpoint,nyc,0.106615491230876,0.000743868268529536,738933.793,0.120883309344848,5.64358981908201,69
2023,36047,BK0102,Williamsburg,nyc,0.115294712237033,0.000604023611613059,1091178.236,0.128503063996462,6.19005506507175,35
2023,36047,BK0103,South Williamsburg,nyc,0.231382131135279,0.000756035084995731,2029566.807,0.0766301922872623,7.35344170734552,5
2023,36047,BK0104,East Williamsburg,nyc,0.181943976944894,0.000701154202768808,1585135.786,0.114336736601967,7.0833727724901,10
2023,36047,BK0201,Brooklyn Heights,nyc,0.075882946518668,0.000478599221789883,228539.2031,0.0819172552976791,4.71898605467515,152
2023,36047,BK0202,Downtown Brooklyn-DUMBO-Boerum Hill,nyc,0.127031432014874,0.000656669033794227,-82217.31493,0.136444767291029,4.34092202088021,165
2023,36047,BK0203,Fort Greene,nyc,0.16002195844944,0.000882266009852217,-225650.6732,0.103452112635873,4.53420730558644,159
2023,36047,BK0204,Clinton Hill,nyc,0.117655656240865,0.000722836620681792,-904474.3638,0.0920235311312482,3.68614173088501,182
2023,36047,BK0301,Bedford-Stuyvesant (West),nyc,0.163408948254495,0.000718124186573744,1003226.768,0.0976452523984578,6.09957404621829,37
2023,36047,BK0302,Bedford-Stuyvesant (East),nyc,0.165225682029947,0.000825020441537204,-1170859.96,0.0961082580337602,3.49745687097932,185
2023,36047,BK0401,Bushwick (West),nyc,0.158822249585142,0.000634086429979149,1062227.42,0.161333309159475,5.86969499107922,54
2023,36047,BK0402,Bushwick (East),nyc,0.159715496818679,0.000646725715115435,421284.6439,0.135616873323067,5.477680407839,87
2023,36047,BK0501,Cypress Hills,nyc,0.121389311235689,0.000504631762116792,-816321.473,0.173490819787159,4.06173797776836,174
2023,36047,BK0502,East New York (North),nyc,0.183537387637632,0.00111564907201572,-567429.1908,0.145601123971365,4.79450671809214,150
2023,36047,BK0503,East New York-New Lots,nyc,0.187330351339986,0.00132648601398601,225689.695,0.12804029514088,6.00985900056885,42
2023,36047,BK0504,Spring Creek-Starrett City,nyc,0.207325501036628,0.000769707294409168,165093.6867,0.0750015706477351,5.18597690377458,110
2023,36047,BK0505,East New York-City Line,nyc,0.165115704540495,0.00067345666181667,455552.9834,0.134911059869884,5.21889430702352,109
2023,36047,BK0601,Carroll Gardens-Cobble Hill-Gowanus-Red Hook,nyc,0.14380050382824,0.000784040254874614,701540.9248,0.0997277059223962,5.68378611063927,65
2023,36047,BK0602,Park Slope,nyc,0.0718511568771528,0.000551585411042295,519668.3874,0.096403773960998,5.46624550155122,90
2023,36047,BK0701,Windsor Terrace-South Slope,nyc,0.0733793659924267,0.000598612101952137,408957.7151,0.104015098249639,5.51319416444421,81
2023,36047,BK0702,Sunset Park (West),nyc,0.145711592819209,0.000588235294117647,1300662.35,0.210277097078228,6.72486250598397,19
2023,36047,BK0703,Sunset Park (Central),nyc,0.176486947135372,0.000757247944612722,1017015.354,0.326123619925237,5.98518146138267,45
2023,36047,BK0801,Prospect Heights,nyc,0.0959222655925588,0.000491835274217683,-255191.1564,0.091960800597957,4.33144572372438,166
2023,36047,BK0802,Crown Heights (North),nyc,0.17157046068824,0.000835471390755447,904955.1753,0.105979348435124,5.3247049125813,99
2023,36047,BK0901,Crown Heights (South),nyc,0.164726130346043,0.000839569264464318,428357.3896,0.135287201233616,5.02421319164314,129
2023,36047,BK0902,Prospect Lefferts Gardens-Wingate,nyc,0.166315714711474,0.000677869876234813,220152.9382,0.13154898199146,5.33081217592656,98
2023,36047,BK1001,Bay Ridge,nyc,0.117021772598745,0.000604102837351805,1686208.707,0.129876684227703,6.38137447532009,27
2023,36047,BK1002,Dyker Heights,nyc,0.140304950815608,0.000714587539321095,852818.4839,0.209731790208506,5.56824074226251,75
2023,36047,BK1101,Bensonhurst,nyc,0.142506430893095,0.000705601346985923,2099139.507,0.240671550552127,7.01269064136292,12
2023,36047,BK1102,Bath Beach,nyc,0.123796831038057,0.000529008109794136,732983.569,0.191129868206723,5.3502635394,96
2023,36047,BK1103,Gravesend (West),nyc,0.141588554483113,0.000812946932630787,1324008.657,0.205926656799868,6.25896162344895,31
2023,36047,BK1201,Sunset Park (East)-Borough Park (West),nyc,0.181960893944309,0.000985357572327934,971023.7311,0.293877749975628,6.26920288117874,30
2023,36047,BK1202,Borough Park,nyc,0.183565502445387,0.000752066422031951,1583534.44,0.115847466654042,6.23192730017807,33
2023,36047,BK1203,Kensington,nyc,0.144645850278983,0.000629840488280248,476246.8529,0.141087980550068,5.06833580598431,123
2023,36047,BK1204,Mapleton-Midwood (West),nyc,0.149724808980408,0.000559485120754477,553225.1803,0.133938492839815,5.67913877906736,67
2023,36047,BK1301,Gravesend (South),nyc,0.172043743399312,0.00102405390582152,-412136.3796,0.163019112186148,4.36344563206805,164
2023,36047,BK1302,Coney Island-Sea Gate,nyc,0.20955832740724,0.000808658999843888,1534515.34,0.134300476181296,6.60213116338661,21
2023,36047,BK1303,Brighton Beach,nyc,0.197795175008209,0.000355700418054276,1010009.066,0.250372263939927,6.06094365985485,40
2023,36047,BK1401,Flatbush,nyc,0.150453769047757,0.00050372169957614,932380.7417,0.166737175336355,5.4967464511929,85
2023,36047,BK1402,Flatbush (West)-Ditmas Park-Parkville,nyc,0.151832460710592,0.000694463307528634,-77079.7641,0.148574488338886,4.83628200654277,142
2023,36047,BK1403,Midwood,nyc,0.145470044289606,0.00054917474902161,929666.6185,0.160695291218057,5.94541959074544,48
2023,36047,BK1501,Gravesend (East)-Homecrest,nyc,0.137168307179518,0.00074505476540788,1214056.048,0.16191848497324,6.00240349706896,43
2023,36047,BK1502,Madison,nyc,0.108408682040139,0.000559210526315789,538475.7539,0.153874909464732,5.08510090888713,122
2023,36047,BK1503,Sheepshead Bay-Manhattan Beach-Gerritsen Beach,nyc,0.122931026913114,0.000504315243097147,1493289.317,0.153451581273507,6.85269975595969,15
2023,36047,BK1601,Ocean Hill,nyc,0.161076842394426,0.000652888418472509,-1889557.933,0.117725944609545,2.79757967558249,192
2023,36047,BK1602,Brownsville,nyc,0.308356585712171,0.00187654560442225,1322309.626,0.118768203018391,7.60223159540944,4
2023,36047,BK1701,East Flatbush-Erasmus,nyc,0.149826518108938,0.000599752679307502,-156023.3795,0.166979832977967,4.37246116636675,163
2023,36047,BK1702,East Flatbush-Farragut,nyc,0.112200321388836,0.000725085717497611,-810537.5212,0.17508404411969,4.31421072836432,167
2023,36047,BK1703,East Flatbush-Rugby,nyc,0.127594513009848,0.000630002340276153,-575068.8268,0.163188672672075,4.46724866841333,162
2023,36047,BK1704,East Flatbush-Remsen Village,nyc,0.169222213444609,0.00112263741038453,-319917.5862,0.160808770954159,5.13693646254285,115
2023,36047,BK1801,Flatlands,nyc,0.107706903300142,0.000755963617642011,-2014610.081,0.133479825883141,2.43407211461348,193
2023,36047,BK1802,Marine Park-Mill Basin-Bergen Beach,nyc,0.0755921024455009,0.000324710811549321,47701.30332,0.102094308107414,4.83449570436497,143
2023,36047,BK1803,Canarsie,nyc,0.112989965092664,0.000561285569573626,-2750146.046,0.129358540777291,1.65699505237453,196
2023,36005,BX0101,Mott Haven-Port Morris,nyc,0.25826220176038,0.00116395253879041,175613.1911,0.15200809805209,5.71276612527557,64
2023,36005,BX0102,Melrose,nyc,0.244645451607112,0.00132588691475201,-1540329.219,0.14282701410695,3.19899024308961,188
2023,36005,BX0201,Hunts Point,nyc,0.245364945895651,0.00162573284740929,-882935.4792,0.151836790957337,4.80966188600706,145
2023,36005,BX0202,Longwood,nyc,0.228493625425401,0.00146962946865153,-1185763.548,0.161282336922886,3.76359494701655,179
2023,36005,BX0301,Morrisania,nyc,0.225191160459398,0.0014505898769504,-1737491.446,0.154432400638602,3.26761334887868,187
2023,36005,BX0302,Claremont Village-Claremont (East),nyc,0.320107108158142,0.00146039083841143,315318.4806,0.119843395001623,6.21006352731371,34
2023,36005,BX0303,Crotona Park East,nyc,0.214972527407902,0.000960992377820954,310799.6093,0.143942307692308,5.89308402233497,53
2023,36005,BX0401,Concourse-Concourse Village,nyc,0.210813636113319,0.00100416705830749,252016.6664,0.197888959869911,5.22055785769012,108
2023,36005,BX0402,Highbridge,nyc,0.225380159333241,0.00122834013514418,933718.517,0.155406710113444,6.843937719401,16
2023,36005,BX0403,Mount Eden-Claremont (West),nyc,0.212761937118419,0.0015679341043348,1516984.135,0.225208321523723,7.77758302601553,3
2023,36005,BX0501,University Heights (South)-Morris Heights,nyc,0.252819633639233,0.0013898211394954,2361859.989,0.207950915817017,8.22571320479659,2
2023,36005,BX0502,Mount Hope,nyc,0.207422242203785,0.0012569481800251,1221510.163,0.238108472636613,7.20448408835081,8
2023,36005,BX0503,Fordham Heights,nyc,0.256435726343077,0.00150102327961115,806269.9604,0.261361287464934,6.86734467932298,14
2023,36005,BX0601,West Farms,nyc,0.288735039932327,0.00194989244590662,705172.413,0.154408844523158,7.3298848633087,6
2023,36005,BX0602,Tremont,nyc,0.245817366167613,0.00127448806091521,120410.8154,0.134489204598561,5.84129681765329,57
2023,36005,BX0603,Belmont,nyc,0.270524274357299,0.00161974208358652,598753.4068,0.218754035767427,6.73109768660725,17
2023,36005,BX0701,University Heights (North)-Fordham,nyc,0.190447849982318,0.00134992987377279,238871.2233,0.229308988883457,5.67946027626581,66
2023,36005,BX0702,Bedford Park,nyc,0.195727350922464,0.00127065826330532,470875.1776,0.238494215949585,6.2554304994514,32
2023,36005,BX0703,Norwood,nyc,0.230190777883815,0.00107209143303702,328355.2015,0.217818023551031,5.85281676444261,56
2023,36005,BX0801,Kingsbridge Heights-Van Cortlandt Village,nyc,0.163531394186375,0.00105658884052236,1149632.868,0.185124720311594,6.44142694663775,25
2023,36005,BX0802,Kingsbridge-Marble Hill,nyc,0.172009677907153,0.000922162422684553,891419.3725,0.142132920006049,6.0381110756269,41
2023,36005,BX0803,Riverdale-Spuyten Duyvil,nyc,0.095119321904923,0.000542500458968239,932579.4693,0.0948635566171342,6.08751469717078,38
2023,36005,BX0901,Soundview-Bruckner-Bronx River,nyc,0.223288510312956,0.00104697267369173,2732153.361,0.20804188664936,8.57116335042092,1
2023,36005,BX0902,Soundview-Clason Point,nyc,0.195873739706576,0.000981561155500922,611939.7541,0.103068597016565,5.77956418868397,59
2023,36005,BX0903,Castle Hill-Unionport,nyc,0.176217038539554,0.000923149015932521,756392.0494,0.143831135902637,5.92655896135189,51
2023,36005,BX0904,Parkchester,nyc,0.156696080945337,0.00106888514825845,840305.2111,0.131809628860628,6.3445085705365,29
2023,36005,BX1001,Westchester Square,nyc,0.168556732973911,0.00077650988032285,-720982.8287,0.177189068600112,4.22871210151021,170
2023,36005,BX1002,Throgs Neck-Schuylerville,nyc,0.113341968911917,0.000711051484152272,861008.6592,0.0904833225388601,5.59280619013973,72
2023,36005,BX1003,Pelham Bay-Country Club-City Island,nyc,0.101329730498471,0.00082501892245235,587966.9619,0.107388181753538,5.47152059665845,88
2023,36005,BX1004,Co-op City,nyc,0.122032989137723,0.000732090856144438,679792.9615,0.0852997183854097,5.36835285352644,95
2023,36005,BX1101,Pelham Parkway-Van Nest,nyc,0.177518647601055,0.00101798627850918,748668.695,0.176046382853979,6.15337729756457,36
2023,36005,BX1102,Morris Park,nyc,0.128030867716052,0.000831177501460402,-196019.0406,0.149984653834349,4.54919460482864,157
2023,36005,BX1103,Pelham Gardens,nyc,0.101269998350652,0.000649630320867131,436643.549,0.128936170212766,5.60798001291102,71
2023,36005,BX1104,Allerton,nyc,0.212625340491373,0.00115459078908771,1489743.856,0.178714204128253,7.30117156621235,7
2023,36005,BX1201,Williamsbridge-Olinville,nyc,0.194623705190482,0.00109446232233843,1107460.732,0.165225907966989,6.64386088042666,20
2023,36005,BX1202,Eastchester-Edenwald-Baychester,nyc,0.148451809823255,0.000989807238940508,425054.0326,0.146468382032272,5.99931684153448,44
2023,36005,BX1203,Wakefield-Woodlawn,nyc,0.140816696586996,0.000838216661387393,350310.2462,0.147472753278672,5.75355705777391,62
2023,36061,MN0101,Financial District-Battery Park City,nyc,0.0696199908830964,0.000335362284911624,625005.7956,0.112442501346815,5.03139853586597,128
2023,36061,MN0102,Tribeca-Civic Center,nyc,0.0624820146945385,0.000362007977722586,203115.2124,0.111353311382487,5.28626607616062,104
2023,36061,MN0201,SoHo-Little Italy-Hudson Square,nyc,0.103460118485447,0.000253237594563406,332364.0939,0.135631493088349,5.3870709972304,93
2023,36061,MN0202,Greenwich Village,nyc,0.076427255985267,0.000599378278608898,336493.8523,0.116893799877225,5.15916901685151,112
2023,36061,MN0203,West Village,nyc,0.0956728364182091,0.000713576087426029,376781.3101,0.0973424212106053,5.06099204359275,124
2023,36061,MN0301,Chinatown-Two Bridges,nyc,0.206603640994726,0.00111287571319334,1329800.632,0.185825728938434,7.09982827913244,9
2023,36061,MN0302,Lower East Side,nyc,0.184626978125339,0.000554552261815619,290239.4793,0.125364599494658,5.29368531064467,102
2023,36061,MN0303,East Village,nyc,0.150319375470289,0.000552725669784983,842491.8974,0.109290276792051,5.44616669878708,91
2023,36061,MN0401,Chelsea-Hudson Yards,nyc,0.102133490513505,0.000436056571995478,-311334.0647,0.123297907936457,4.27539196744001,169
2023,36061,MN0402,Hell's Kitchen,nyc,0.123801410195201,0.000678819352445551,903109.1351,0.143801772734688,5.95831766973986,46
2023,36061,MN0501,Midtown South-Flatiron-Union Square,nyc,0.0818887589067319,0.000497806101128291,41919.22102,0.134637881527172,4.92685980950701,136
2023,36061,MN0502,Midtown-Times Square,nyc,0.0933959133361779,0.000404220537969981,-34734.24015,0.154563125207415,4.31004914261419,168
2023,36061,MN0601,Stuyvesant Town-Peter Cooper Village,nyc,0.0828593183141488,0.000288919850406981,210408.2356,0.130846060823219,4.82208045706524,144
2023,36061,MN0602,Gramercy,nyc,0.0916052911216152,0.00034420586789051,424875.0802,0.0820197134586494,5.04651607940864,125
2023,36061,MN0603,Murray Hill-Kips Bay,nyc,0.0969369307160774,0.000415624202195558,1127865.041,0.133950309061795,5.58353997610765,73
2023,36061,MN0604,East Midtown-Turtle Bay,nyc,0.0609357997823722,0.00038043888092904,435464.0499,0.123433683955991,4.84852790598175,140
2023,36061,MN0701,Upper West Side-Lincoln Square,nyc,0.0835210641656322,0.000585543176944401,915483.0524,0.137717806077881,5.53799925152596,80
2023,36061,MN0702,Upper West Side (Central),nyc,0.0832271927168245,0.000467463524319938,439127.3718,0.107729628297246,5.15347374173205,113
2023,36061,MN0703,Upper West Side-Manhattan Valley,nyc,0.145680026894774,0.000793414165507189,1199965.112,0.1272627096485,6.57316638299157,23
2023,36061,MN0801,Upper East Side-Lenox Hill-Roosevelt Island,nyc,0.0842552567953696,0.000355262091873937,1240516.348,0.154719515471219,5.67896071047091,68
2023,36061,MN0802,Upper East Side-Carnegie Hill,nyc,0.055363321799308,0.000533768688778141,295590.553,0.104041158258969,4.80271565316257,148
2023,36061,MN0803,Upper East Side-Yorkville,nyc,0.0837527182588616,0.000373545621555419,1007297.5,0.119428393911153,5.35022271962538,97
2023,36061,MN0901,Morningside Heights,nyc,0.139779898766967,0.000819150046987574,-8538.37235,0.174951755072237,4.8746229071933,139
2023,36061,MN0902,Manhattanville-West Harlem,nyc,0.189541661424917,0.00114346759515708,618887.0533,0.151205602381851,5.95408224139176,47
2023,36061,MN0903,Hamilton Heights-Sugar Hill,nyc,0.159156637728502,0.000831826974915168,808996.8136,0.168032465715085,5.73699205697291,63
2023,36061,MN1001,Harlem (South),nyc,0.169378028124631,0.000666643840306786,-441461.397,0.117018552802616,4.00082076538383,175
2023,36061,MN1002,Harlem (North),nyc,0.214792251127321,0.00109547094568933,2027470.719,0.115547154363871,7.07732412685636,11
2023,36061,MN1101,East Harlem (South),nyc,0.209124521104847,0.000961566352429297,1621986.721,0.128362304050324,6.72816624404931,18
2023,36061,MN1102,East Harlem (North),nyc,0.235784919624816,0.000846501939376526,1216045.823,0.124198084054388,6.08637757320779,39
2023,36061,MN1201,Washington Heights (South),nyc,0.185348952717846,0.0012955910975713,1600742.474,0.197797618326529,6.98508536339244,13
2023,36061,MN1202,Washington Heights (North),nyc,0.156238775950004,0.0012424008189358,1064662.487,0.182496468165601,6.44435379122101,24
2023,36061,MN1203,Inwood,nyc,0.15034965034965,0.000831210058059396,-180238.2823,0.167524475524476,4.65450962451711,155
2023,36081,QN0101,Astoria (North)-Ditmars-Steinway,nyc,0.103593862610628,0.00070717888482001,1030231.57,0.129498506847904,5.86907365312933,55
2023,36081,QN0102,Old Astoria-Hallets Point,nyc,0.189105703307466,0.000837789661319073,231781.5294,0.173442326527537,5.04100682336669,126
2023,36081,QN0103,Astoria (Central),nyc,0.123482716600005,0.000707845594303004,1059902.485,0.160979041538914,5.77305661206465,60
2023,36081,QN0104,Astoria (East)-Woodside (North),nyc,0.121994294253498,0.000778816199376947,716980.1706,0.170976769460671,5.4986176083037,84
2023,36081,QN0105,Queensbridge-Ravenswood-Dutch Kills,nyc,0.200168724631526,0.000703881700554529,-1392681.791,0.156599432471815,3.3912688107392,186
2023,36081,QN0201,Long Island City-Hunters Point,nyc,0.0592568207069668,0.000615978615978616,-89791.05924,0.196687379120201,5.17067568361909,111
2023,36081,QN0202,Sunnyside,nyc,0.105733223843224,0.000692284129199142,-1001672.239,0.255566013176603,3.9966453999894,176
2023,36081,QN0203,Woodside,nyc,0.0933197684624582,0.000501201510470306,818241.9269,0.333283468923543,5.48856466075349,86
2023,36081,QN0301,Jackson Heights,nyc,0.0978623950240755,0.000911597348507069,1263895.726,0.257700393797424,6.41058320501429,26
2023,36081,QN0302,East Elmhurst,nyc,0.118319542710957,0.000691638048079227,-164804.5072,0.224667226286125,5.14757373346515,114
2023,36081,QN0303,North Corona,nyc,0.106559052445785,0.000329152951960335,-1101326.345,0.394614237793515,3.66200531620297,184
2023,36081,QN0401,Elmhurst,nyc,0.108991420144983,0.000532191574812901,452126.929,0.315238104394812,5.10113565066209,121
2023,36081,QN0402,Corona,nyc,0.12728773906264,0.000630341021725736,-2263537.799,0.332768100791507,2.36507681363192,194
2023,36081,QN0501,Maspeth,nyc,0.0858022401899499,0.000650824614293314,553743.5826,0.167167435623537,5.27904991164818,105
2023,36081,QN0502,Ridgewood,nyc,0.100980418538529,0.000738872474838462,1139912.396,0.194876711956152,5.93631233089149,49
2023,36081,QN0503,Glendale,nyc,0.079708745897344,0.000560865455309316,-209126.8543,0.140207408224619,4.20286431106503,171
2023,36081,QN0504,Middle Village,nyc,0.0770931047495822,0.000457863304578633,-527148.9697,0.147954067604723,3.72190153906443,181
2023,36081,QN0601,Rego Park,nyc,0.106361894695118,0.000497521685254027,446473.1014,0.189588425711832,4.94312850161629,133
2023,36081,QN0602,Forest Hills,nyc,0.0942580422101019,0.000476047304068952,723135.1813,0.163135593220339,5.128559196016,118
2023,36081,QN0701,College Point,nyc,0.0784013768046659,0.000822964565864214,517283.4944,0.1945565222934,5.46932668008335,89
2023,36081,QN0702,Whitestone-Beechhurst,nyc,0.0685217950780119,0.000761924285909526,452737.1232,0.122670098118063,5.29641942883118,101
2023,36081,QN0703,Bay Terrace-Clearview,nyc,0.0762265740155822,0.000689845474613687,384720.2784,0.10104864181933,5.13440397248179,116
2023,36081,QN0704,Murray Hill-Broadway Flushing,nyc,0.110473141336894,0.000497281336646142,1112804.93,0.270630968317715,5.76256409013113,61
2023,36081,QN0705,East Flushing,nyc,0.120904836193448,0.000681358673675698,78995.23013,0.288696047841914,4.68532744056125,154
2023,36081,QN0706,Queensboro Hill,nyc,0.106044857334552,0.000519379088157766,369394.8118,0.282486502121095,4.93846412187309,134
2023,36081,QN0707,Flushing-Willets Point,nyc,0.158199835843322,0.000574574172606499,799023.231,0.357058625336927,5.29831691400506,100
2023,36081,QN0801,Kew Gardens Hills,nyc,0.101163895276059,0.00061417415301509,-309269.1005,0.148195215418862,4.08867070559774,172
2023,36081,QN0802,Pomonok-Electchester-Hillcrest,nyc,0.153930430044945,0.000897283866960303,713600.1306,0.12379622021364,5.50722203717618,82
2023,36081,QN0803,Fresh Meadows-Utopia,nyc,0.109835472789731,0.000470272686633885,516502.9152,0.150592117157838,5.03481482120984,127
2023,36081,QN0804,Jamaica Estates-Holliswood,nyc,0.0892236810359644,0.000879850105394644,341396.5582,0.171990113219582,5.9267085231277,50
2023,36081,QN0805,Jamaica Hills-Briarwood,nyc,0.131142745686892,0.000925762570221459,439227.4095,0.182905128705148,5.92259179807272,52
2023,36081,QN0901,Kew Gardens,nyc,0.09930897504862,0.000541782834752468,144592.772,0.139421525220342,4.65228241391992,156
2023,36081,QN0902,Richmond Hill,nyc,0.106578873946766,0.000570730151982145,-2468787.736,0.192341387199375,1.41129491603146,197
2023,36081,QN0903,South Richmond Hill,nyc,0.132275132275132,0.000828411444350694,-114405.2212,0.244589520395972,4.80765360797996,146
2023,36081,QN0904,Ozone Park (North),nyc,0.123251417769376,0.000806463352500182,-117007.6035,0.186120982986767,4.53875773373029,158
2023,36081,QN0905,Woodhaven,nyc,0.0845560213414634,0.000783182959724677,-121379.7725,0.203911013719512,4.79669491458607,149
2023,36081,QN1001,South Ozone Park,nyc,0.109519408491902,0.000872553614067974,588303.7278,0.169874075785582,5.54036462225884,79
2023,36081,QN1002,Ozone Park,nyc,0.103068905616676,0.000617480678830372,321295.4656,0.131874155568423,4.92139444269099,137
2023,36081,QN1003,Howard Beach-Lindenwood,nyc,0.102204433685601,0.000928600907965332,636282.0614,0.0703639010189229,5.62787272351457,70
2023,36081,QN1101,Auburndale,nyc,0.0734575314917744,0.000483110761979576,553408.6708,0.175921012205681,5.11010085607041,120
2023,36081,QN1102,Bayside,nyc,0.0733691904564888,0.000468422156945027,565390.0224,0.144540063439526,5.54160902669406,78
2023,36081,QN1103,Douglaston-Little Neck,nyc,0.0647907484838212,0.000549442488262911,262784.4073,0.115071382830452,4.84328900689894,141
2023,36081,QN1104,Oakland Gardens-Hollis Hills,nyc,0.0755171281602277,0.000520511689457433,439646.0523,0.119462989310861,5.01173807558284,131
2023,36081,QN1201,Jamaica,nyc,0.139554505584559,0.000862288277431881,-1862764.978,0.240744178197773,2.9753828731446,190
2023,36081,QN1202,South Jamaica,nyc,0.161120379354682,0.00149402390438247,-2882998.136,0.170943454210203,2.89651347627978,191
2023,36081,QN1203,Baisley Park,nyc,0.108961829660084,0.000974447068928495,-189680.0695,0.149261980184673,5.28667427438506,103
2023,36081,QN1204,Springfield Gardens (North)-Rochdale Village,nyc,0.10643976262991,0.000710154841116846,-627467.6394,0.0920656849508619,4.49631663561612,160
2023,36081,QN1205,St. Albans,nyc,0.0978083029519029,0.000543593969987294,-1996022.429,0.115944191733041,2.18655189945935,195
2023,36081,QN1206,Hollis,nyc,0.111641189242442,0.000632911392405063,-702529.8383,0.143454302811141,3.89852817965056,177
2023,36081,QN1301,Glen Oaks-Floral Park-New Hyde Park,nyc,0.0785040830013018,0.000426265343870859,406931.2689,0.138340762949229,4.88182969970678,138
2023,36081,QN1302,Bellerose,nyc,0.0780229479258606,0.000658049353701528,427361.2366,0.159325684024713,5.57770203204466,74
2023,36081,QN1303,Queens Village,nyc,0.0949933945562921,0.000885844748858448,-981430.8178,0.148003116425595,3.67612328566696,183
2023,36081,QN1304,Cambria Heights,nyc,0.0678889761234009,0.000574911385839025,-601660.901,0.124084422481873,3.8068994117907,178
2023,36081,QN1305,Laurelton,nyc,0.0708901030500035,0.000560296355096911,-608571.9333,0.110336122830071,3.74514782956288,180
2023,36081,QN1306,Springfield Gardens (South)-Brookville,nyc,0.10561667484631,0.000714048764305855,62271.05773,0.107339604336272,5.3836286740024,94
2023,36081,QN1307,Rosedale,nyc,0.0826731013073182,0.000712114933001796,234625.1306,0.10220839927859,4.93618216701107,135
2023,36081,QN1401,Far Rockaway-Bayswater,nyc,0.160293846423112,0.00100626482143489,869787.9585,0.154854921005717,6.35145310965015,28
2023,36081,QN1402,Rockaway Beach-Arverne-Edgemere,nyc,0.17532438374081,0.000978601252609603,1381374.195,0.113159430700849,6.57834582923461,22
2023,36081,QN1403,Breezy Point-Belle Harbor-Rockaway Park-Broad Channel,nyc,0.0951471150171953,0.00059238949817215,332443.0736,0.0723347344287352,5.26932253582898,106
2023,36085,SI0101,St. George-New Brighton,nyc,0.170484190910714,0.000664058004373346,390451.9196,0.114111720090793,5.25215660944215,107
2023,36085,SI0102,Tompkinsville-Stapleton-Clifton-Fox Hills,nyc,0.182553494928555,0.000638604773144506,-1266679.246,0.138722103332314,3.16543124881586,189
2023,36085,SI0103,Rosebank-Shore Acres-Park Hill,nyc,0.143370695572905,0.000822891974263461,345292.4355,0.121241258741259,5.55569715188453,77
2023,36085,SI0104,West New Brighton-Silver Lake-Grymes Hill,nyc,0.102875453242263,0.000394883203559511,164771.2549,0.0983753548640976,4.7482469163336,151
2023,36085,SI0105,Westerleigh-Castleton Corners,nyc,0.0669985285369901,0.000521388636068132,417583.2509,0.0951786105632259,5.50051679928357,83
2023,36085,SI0106,Port Richmond,nyc,0.105070808588397,0.000784423119839322,-709989.7873,0.149464494188112,4.06678763314699,173
2023,36085,SI0107,Mariner's Harbor-Arlington-Graniteville,nyc,0.113378015294222,0.000631370853153765,502986.0649,0.141734329327704,5.40947114909143,92
2023,36085,SI0201,Grasmere-Arrochar-South Beach-Dongan Hills,nyc,0.103774843270642,0.000583370837083708,568660.8488,0.108976924102975,5.5648819309015,76
2023,36085,SI0202,New Dorp-Midland Beach,nyc,0.0843544505854187,0.000560175385545812,515928.8776,0.149960034752389,5.12292736060944,119
2023,36085,SI0203,Todt Hill-Emerson Hill-Lighthouse Hill-Manor Heights,nyc,0.0731395136222344,0.000567365595298556,-37083.22985,0.106280855732309,4.48208492099508,161
2023,36085,SI0204,New Springville-Willowbrook-Bulls Head-Travis,nyc,0.0802528316069877,0.000537860717459427,729327.2479,0.104318571918984,5.80347755362851,58
2023,36085,SI0301,Oakwood-Richmondtown,nyc,0.0829700464069751,0.000633841131664853,331779.91,0.0767449491398303,5.01058849068037,132
2023,36085,SI0302,Great Kills-Eltingville,nyc,0.0736003429918897,0.000480752109967594,581386.9542,0.0643342027224981,5.01270756636697,130
2023,36085,SI0303,Arden Heights-Rossville,nyc,0.0714060031595577,0.000601116897785029,480368.9664,0.0705939968404423,5.13067395488024,117
2023,36085,SI0304,Annadale-Huguenot-Prince's Bay-Woodrow,nyc,0.0510332014129204,0.000371464753060363,391979.8772,0.0661139638518787,4.8035791775019,147
2023,36085,SI0305,Tottenville-Charleston,nyc,0.0735253422270244,0.000202778820878708,253192.0929,0.0693539807317217,4.69067524166636,153
2022,36047,BK09,Brooklyn Heights-Cobble Hill,nyc,,0.000508022305087065,357939.771204754,,6.222,137
2022,36047,BK17,Sheepshead Bay-Gerritsen Beach-Manhattan Beach,nyc,,0.000967521355019894,1388057.14038015,,7.55175,28
2022,36047,BK19,Brighton Beach,nyc,,0.000858048966129645,925341.219891935,,7.201,45
2022,36047,BK21,Seagate-Coney Island,nyc,,0.00192405293647825,389108.055375911,,7.461,34
2022,36047,BK23,West Brighton,nyc,,0.000816513605730873,380626.519733415,,6.481,107
2022,36047,BK25,Homecrest,nyc,,0.00085650902611264,511214.631957526,,6.69525,80
2022,36047,BK26,Gravesend,nyc,,0.00130944821362922,-543034.692016205,,6.2045,139
2022,36047,BK27,Bath Beach,nyc,,0.000891110677102897,755600.064570707,,6.853,65
2022,36047,BK28,Bensonhurst West,nyc,,0.00113795418265623,1255889.04006466,,7.77725,17
2022,36047,BK29,Bensonhurst East,nyc,,0.0010304858026066,641438.29737552,,7.06425,50
2022,36047,BK30,Dyker Heights,nyc,,0.00108814350380971,777325.536666518,,7.06825,48
2022,36047,BK31,Bay Ridge,nyc,,0.000856738619696007,1274700.91024922,,7.40025,37
2022,36047,BK32,Sunset Park West,nyc,,0.00114805372612894,1179545.80540742,,7.824,16
2022,36047,BK33,Carroll Gardens-Columbia Street-Red Hook,nyc,,0.00073857696575904,622414.526256284,,6.6175,87
2022,36047,BK34,Sunset Park East,nyc,,0.00109637067267611,1659544.94380941,,8.25925,5
2022,36047,BK35,Stuyvesant Heights,nyc,,0.00146482289272204,-3178057.857265,,4.65075,183
2022,36047,BK37,Park Slope-Gowanus,nyc,,0.000501692494346171,443301.197532398,,6.344,122
2022,36047,BK38,DUMBO-Vinegar Hill-Downtown Brooklyn-Boerum Hill,nyc,,0.000987780687434393,435079.333125454,,6.69625,79
2022,36047,BK40,Windsor Terrace,nyc,,0.000521500098173966,225188.887909773,,6.117,147
2022,36047,BK41,Kensington-Ocean Parkway,nyc,,0.000929952579374367,-114296.241021798,,6.21325,138
2022,36047,BK42,Flatbush,nyc,,0.00112089855592105,-1962149.37153344,,5.47725,172
2022,36047,BK45,Georgetown-Marine Park-Bergen Beach-Mill Basin,nyc,,0.000807364880194921,143933.135575954,,6.31225,130
2022,36047,BK46,Ocean Parkway South,nyc,,0.000713763120128316,-890581.661571043,,5.4135,175
2022,36047,BK50,Canarsie,nyc,,0.00108117166360262,-4652214.33094804,,3.218,187
2022,36047,BK58,Flatlands,nyc,,0.00125772265507895,-978325.689157357,,5.90675,155
2022,36047,BK60,Prospect Lefferts Gardens-Wingate,nyc,,0.00130585198309766,-780098.45527605,,6.18775,141
2022,36047,BK61,Crown Heights North,nyc,,0.00118966559841112,-928738.484183251,,6.062,150
2022,36047,BK63,Crown Heights South,nyc,,0.00135385822839,-163720.881709088,,6.561,98
2022,36047,BK64,Prospect Heights,nyc,,0.000659438575481515,-47974.021349053,,6.012,152
2022,36047,BK68,Fort Greene,nyc,,0.00105930484568223,101820.716385217,,6.48275,105
2022,36047,BK69,Clinton Hill,nyc,,0.000857052322369859,-206596.668580914,,6.07325,149
2022,36047,BK72,Williamsburg,nyc,,0.000773337180781992,1550559.78339156,,7.62325,25
2022,36047,BK73,North Side-South Side,nyc,,0.000775127506462654,-502896.646821814,,5.785,157
2022,36047,BK75,Bedford,nyc,,0.00132027302643576,1231329.17837943,,7.996,13
2022,36047,BK76,Greenpoint,nyc,,0.000661946015797037,165436.339760939,,6.18175,142
2022,36047,BK77,Bushwick North,nyc,,0.0014053146467605,447788.11279023,,7.38275,38
2022,36047,BK78,Bushwick South,nyc,,0.00153384465901178,-1990815.05831657,,5.70425,160
2022,36047,BK79,Ocean Hill,nyc,,0.00139510209384406,-2689494.64165599,,4.858,180
2022,36047,BK81,Brownsville,nyc,,0.0024051375484395,-424810.550769591,,7.6,26
2022,36047,BK82,East New York,nyc,,0.00150819108248957,-2043901.74050393,,5.7465,159
2022,36047,BK83,Cypress Hills-City Line,nyc,,0.00121683470734112,-1180917.65309102,,5.66775,164
2022,36047,BK85,East New York (Pennsylvania Ave),nyc,,0.00206163333689801,-177662.290168144,,7.3465,39
2022,36047,BK88,Borough Park,nyc,,0.000826673284222907,1336099.81797921,,7.63875,23
2022,36047,BK90,East Williamsburg,nyc,,0.00100822203731649,455550.009056732,,6.93875,59
2022,36047,BK91,East Flatbush-Farragut,nyc,,0.00115511565935912,-787716.131927006,,6.196,140
2022,36047,BK93,Starrett City,nyc,,0.00134209392503231,84749.3696835111,,6.9195,61
2022,36047,BK95,Erasmus,nyc,,0.00121802476016082,-524331.897871029,,6.1205,145
2022,36047,BK96,Rugby-Remsen Village,nyc,,0.00135067264573991,-2061965.08535429,,5.1685,177
2022,36047,BK99,park-cemetery-etc-Brooklyn,nyc,,0.00126297064927364,-291623.33150432,,,
2022,36005,BX01,Claremont-Bathgate,nyc,,0.00220583452582282,-229308.235076482,,7.473,32
2022,36005,BX03,Eastchester-Edenwald-Baychester,nyc,,0.00139793619779996,-265882.653822833,,6.71475,77
2022,36005,BX05,Bedford Park-Fordham North,nyc,,0.00188821804514168,1655238.03792728,,8.6935,1
2022,36005,BX06,Belmont,nyc,,0.0018799929769116,-130393.247937149,,7.0165,54
2022,36005,BX07,Bronxdale,nyc,,0.00165564852821483,1212206.10097383,,7.8635,15
2022,36005,BX08,West Farms-Bronx River,nyc,,0.00160734836537232,1145474.43618893,,7.7655,18
2022,36005,BX09,Soundview-Castle Hill-Clason Point-Harding Park,nyc,,0.00161713249260915,1055949.00404383,,7.99725,12
2022,36005,BX10,Pelham Bay-Country Club-City Island,nyc,,0.00081138878916067,638103.626753764,,6.67175,83
2022,36005,BX13,Co-op City,nyc,,0.00129663481512256,697610.81923777,,7.146,46
2022,36005,BX14,East Concourse-Concourse Village,nyc,,0.00162324892188716,-385128.491932946,,6.8895,62
2022,36005,BX17,East Tremont,nyc,,0.00225464544419411,1243791.74657443,,8.69,2
2022,36005,BX22,North Riverdale-Fieldston-Riverdale,nyc,,0.000798331619816614,581081.095255975,,6.61925,86
2022,36005,BX26,Highbridge,nyc,,0.00167414656378379,483029.703389497,,7.63825,24
2022,36005,BX27,Hunts Point,nyc,,0.00148541203802907,-1173088.58805744,,6.10225,148
2022,36005,BX28,Van Cortlandt Village,nyc,,0.00157997511012134,1201659.70118336,,8.07075,7
2022,36005,BX29,Spuyten Duyvil-Kingsbridge,nyc,,0.000830892664948959,578414.606038428,,6.64725,84
2022,36005,BX30,Kingsbridge Heights,nyc,,0.0016838553559865,660199.228487912,,7.54025,30
2022,36005,BX31,Allerton-Pelham Gardens,nyc,,0.00112464528944381,277453.224373212,,6.88275,64
2022,36005,BX33,Longwood,nyc,,0.00166303948446907,-1045830.35331095,,6.35875,121
2022,36005,BX34,Melrose South-Mott Haven North,nyc,,0.00175056787178153,-2226978.13047249,,5.635,167
2022,36005,BX35,Morrisania-Melrose,nyc,,0.00163438347904733,-2671635.0543957,,5.122,178
2022,36005,BX36,University Heights-Morris Heights,nyc,,0.00170970598168889,1647142.40960557,,8.661,3
2022,36005,BX37,Van Nest-Morris Park-Westchester Square,nyc,,0.00149420499010608,26385.9515674692,,6.796,69
2022,36005,BX39,Mott Haven-Port Morris,nyc,,0.00177556906604694,-506118.835486427,,7.068,49
2022,36005,BX40,Fordham South,nyc,,0.0020211684559689,1052945.98659553,,8.05925,8
2022,36005,BX41,Mount Hope,nyc,,0.00167845962710793,827701.564164053,,7.74675,20
2022,36005,BX43,Norwood,nyc,,0.00170937840785169,384367.72857821,,7.437,35
2022,36005,BX44,Williamsbridge-Olinville,nyc,,0.00175453453267377,-1193195.32462944,,6.4445,111
2022,36005,BX46,Parkchester,nyc,,0.00141281074215206,562789.731210735,,7.132,47
2022,36005,BX49,Pelham Parkway,nyc,,0.00138399839582916,413533.282912547,,6.9955,56
2022,36005,BX52,Schuylerville-Throgs Neck-Edgewater Park,nyc,,0.00112427737619123,1030098.67519794,,7.25975,41
2022,36005,BX55,Soundview-Bruckner,nyc,,0.00181904630650496,1169204.54295063,,8.19175,6
2022,36005,BX59,Westchester-Unionport,nyc,,0.00168991220047558,118182.103329727,,7.0235,53
2022,36005,BX62,Woodlawn-Wakefield,nyc,,0.00123010773010773,-1198587.49575814,,5.64,165
2022,36005,BX63,West Concourse,nyc,,0.0015409075229703,116113.895863443,,6.9985,55
2022,36005,BX75,Crotona Park East,nyc,,0.00158365573279828,-49151.6185716083,,7.04025,51
2022,36005,BX98,Rikers Island,nyc,,0.00183282346589887,0,,,
2022,36005,BX99,park-cemetery-etc-Bronx,nyc,,0.000807401177460051,-478144.502322591,,,
2022,36061,MN01,Marble Hill-Inwood,nyc,,0.00128084940697257,507466.741115245,,7.309,40
2022,36061,MN03,Central Harlem North-Polo Grounds,nyc,,0.00150462780032808,1089090.38048577,,8.05375,9
2022,36061,MN04,Hamilton Heights,nyc,,0.00110178997371462,671914.138927497,,7.2395,43
2022,36061,MN06,Manhattanville,nyc,,0.00108772938777644,412448.18769039,,6.74525,72
2022,36061,MN09,Morningside Heights,nyc,,0.000752104082229929,53308.8239658992,,6.45575,110
2022,36061,MN11,Central Harlem South,nyc,,0.000935229102700958,-276850.814422064,,6.33975,125
2022,36061,MN12,Upper West Side,nyc,,0.000566549931422562,1120706.06809286,,7.22525,44
2022,36061,MN13,Hudson Yards-Chelsea-Flat Iron-Union Square,nyc,,0.000604905925532791,-330459.267225563,,5.87175,156
2022,36061,MN14,Lincoln Square,nyc,,0.000455015195879611,994858.267343575,,6.797,68
2022,36061,MN15,Clinton,nyc,,0.000653479952478279,803639.725773481,,6.69275,81
2022,36061,MN17,Midtown-Midtown South,nyc,,0.000559750656022677,-580330.596458341,,5.515,170
2022,36061,MN19,Turtle Bay-East Midtown,nyc,,0.000338571721679361,681398.411327696,,6.523,101
2022,36061,MN20,Murray Hill-Kips Bay,nyc,,0.000516404638051786,444437.582433903,,6.313,129
2022,36061,MN21,Gramercy,nyc,,0.000603923415276276,344112.656006435,,6.26575,133
2022,36061,MN22,East Village,nyc,,0.000696737745698173,603556.505380604,,6.5755,95
2022,36061,MN23,West Village,nyc,,0.000492860783549474,447942.332523759,,6.326,128
2022,36061,MN24,SoHo-TriBeCa-Civic Center-Little Italy,nyc,,0.000493351281610871,531614.948537112,,6.376,119
2022,36061,MN25,Battery Park City-Lower Manhattan,nyc,,0.000417985965854938,259228.007273611,,6.145,144
2022,36061,MN27,Chinatown,nyc,,0.00108169399203568,1013485.8354984,,7.462,33
2022,36061,MN28,Lower East Side,nyc,,0.00108472416505604,1172850.70366688,,7.6955,21
2022,36061,MN31,Lenox Hill-Roosevelt Island,nyc,,0.00037392415041156,462855.929061598,,6.472,108
2022,36061,MN32,Yorkville,nyc,,0.000399041322910259,887031.428262576,,6.793,70
2022,36061,MN33,East Harlem South,nyc,,0.00137384714221937,1321687.56169761,,8.03675,11
2022,36061,MN34,East Harlem North,nyc,,0.00142041620020802,645055.069465691,,7.594,27
2022,36061,MN35,Washington Heights North,nyc,,0.00129517282604136,478226.512397832,,7.40425,36
2022,36061,MN36,Washington Heights South,nyc,,0.00140481334676241,679630.519218464,,7.747,19
2022,36061,MN40,Upper East Side-Carnegie Hill,nyc,,0.000340018031259232,445831.706832146,,6.417,115
2022,36061,MN50,Stuyvesant Town-Cooper Village,nyc,,0.000409032363736535,-213391.964001695,,5.767,158
2022,36061,MN99,park-cemetery-etc-Manhattan,nyc,,0.0030640828856485,-298260.234003348,,,
2022,36081,QN01,South Jamaica,nyc,,0.00212111958215745,-3113372.52472361,,4.95925,179
2022,36081,QN02,Springfield Gardens North,nyc,,0.00125281405687443,-1415240.21434623,,5.45725,173
2022,36081,QN03,Springfield Gardens South-Brookville,nyc,,0.00135345382819419,-461563.493001896,,6.271,132
2022,36081,QN05,Rosedale,nyc,,0.00107253086419753,124278.380252643,,6.488,104
2022,36081,QN06,Jamaica Estates-Holliswood,nyc,,0.00110822468385452,222896.48091228,,6.60175,88
2022,36081,QN07,Hollis,nyc,,0.00150717497780197,-838776.203301132,,6.1205,145
2022,36081,QN08,St. Albans,nyc,,0.00141928485555742,-3189956.15291018,,4.32125,184
2022,36081,QN10,Breezy Point-Belle Harbor-Rockaway Park-Broad Channel,nyc,,0.00090004312203536,651143.692461665,,6.986,57
2022,36081,QN12,Hammels-Arverne-Edgemere,nyc,,0.00157839732356221,990797.007053637,,7.674,22
2022,36081,QN15,Far Rockaway-Bayswater,nyc,,0.00124377919543466,5183.24092695978,,6.94825,58
2022,36081,QN17,Forest Hills,nyc,,0.000687906067613699,-52721.8050735206,,6.2475,135
2022,36081,QN18,Rego Park,nyc,,0.000804464942606026,62147.1893146202,,6.2255,136
2022,36081,QN19,Glendale,nyc,,0.000908786726740931,184177.434115377,,6.411,116
2022,36081,QN20,Ridgewood,nyc,,0.00102615127324508,-249106.433251107,,6.37675,118
2022,36081,QN21,Middle Village,nyc,,0.000922002290554704,31378.6394560062,,6.34025,124
2022,36081,QN22,Flushing,nyc,,0.000918417177823324,-7441650.69841794,,1.57075,188
2022,36081,QN23,College Point,nyc,,0.00100870741895629,235604.173980924,,6.52875,100
2022,36081,QN25,Corona,nyc,,0.00107843561869289,1262966.71965218,,8.04525,10
2022,36081,QN26,North Corona,nyc,,0.00117367852383135,117637.51194642,,7.25375,42
2022,36081,QN27,East Elmhurst,nyc,,0.00123802425801488,-524758.942516348,,6.426,114
2022,36081,QN28,Jackson Heights,nyc,,0.000965391931166835,1388161.97596081,,8.558,4
2022,36081,QN29,Elmhurst,nyc,,0.00102310100458644,1204897.38769961,,7.941,14
2022,36081,QN30,Maspeth,nyc,,0.000917804587034337,584903.140946587,,6.72075,76
2022,36081,QN31,Hunters Point-Sunnyside-West Maspeth,nyc,,0.00072054439865563,-2063220.16359255,,4.74475,182
2022,36081,QN33,Cambria Heights,nyc,,0.00115767212344325,-1069357.14002873,,5.63575,166
2022,36081,QN34,Queens Village,nyc,,0.00152711439503892,-2164231.37669463,,5.385,176
2022,36081,QN35,Briarwood-Jamaica Hills,nyc,,0.00127271451295967,-329161.294559037,,6.57875,93
2022,36081,QN37,Kew Gardens Hills,nyc,,0.000967145570299141,-914621.21137103,,5.63375,168
2022,36081,QN38,Pomonok-Flushing Heights-Hillcrest,nyc,,0.00148273871522331,156642.324494385,,6.8835,63
2022,36081,QN41,Fresh Meadows-Utopia,nyc,,0.00109077572419764,478296,,6.782,71
2022,36081,QN42,Oakland Gardens,nyc,,0.000835337622512177,519887.931354899,,6.60175,88
2022,36081,QN43,Bellerose,nyc,,0.000886937752063165,331280.698980118,,6.4985,103
2022,36081,QN44,Glen Oaks-Floral Park-New Hyde Park,nyc,,0.000910314351712363,416648.772880504,,6.58075,92
2022,36081,QN45,Douglas Manor-Douglaston-Little Neck,nyc,,0.000826890882756803,257040.866989531,,6.38475,117
2022,36081,QN46,Bayside-Bayside Hills,nyc,,0.00087305990928851,730462.532572621,,6.83825,67
2022,36081,QN47,Ft. Totten-Bay Terrace-Clearview,nyc,,0.000774399623963765,393222.524042016,,6.44425,112
2022,36081,QN48,Auburndale,nyc,,0.000937339692865172,388655.08,,6.5755,94
2022,36081,QN49,Whitestone,nyc,,0.000844557586978322,544194.56,,6.67475,82
2022,36081,QN50,Elmhurst-Maspeth,nyc,,0.000901876722516295,322459.430523087,,6.50375,102
2022,36081,QN51,Murray Hill,nyc,,0.000918873713430699,-3105687.07074551,,4.06375,185
2022,36081,QN52,East Flushing,nyc,,0.000968110451491954,-1942028.99362477,,4.82575,181
2022,36081,QN53,Woodhaven,nyc,,0.00122271587195202,-703426.832530693,,6.375,120
2022,36081,QN54,Richmond Hill,nyc,,0.00130212682028862,-4762053.19539485,,3.35525,186
2022,36081,QN55,South Ozone Park,nyc,,0.00150229651421017,485856.791435838,,7.542,29
2022,36081,QN56,Ozone Park,nyc,,0.00122305097711941,268629.024946744,,6.733,73
2022,36081,QN57,Lindenwood-Howard Beach,nyc,,0.00107649596449084,562637.091128336,,6.8415,66
2022,36081,QN60,Kew Gardens,nyc,,0.000801827096341617,-575125.354647464,,5.95175,153
2022,36081,QN61,Jamaica,nyc,,0.00152462944958979,-2137358.02969702,,5.4915,171
2022,36081,QN62,Queensboro Hill,nyc,,0.00108718372192044,241188.404180193,,6.59825,91
2022,36081,QN63,Woodside,nyc,,0.000961333424628055,789088.394880441,,7.0255,52
2022,36081,QN66,Laurelton,nyc,,0.00111045135342691,-1032200.40891113,,5.6235,169
2022,36081,QN68,Queensbridge-Ravenswood-Long Island City,nyc,,0.00160731419496432,-2135469.15948454,,5.4495,174
2022,36081,QN70,Astoria,nyc,,0.000921918228666973,1406528.45608302,,7.50025,31
2022,36081,QN71,Old Astoria,nyc,,0.000997452979446466,493941.776190689,,6.72425,75
2022,36081,QN72,Steinway,nyc,,0.000820156257158262,922308.631070327,,6.9295,60
2022,36081,QN76,Baisley Park,nyc,,0.0014745888394537,-1377497.33009831,,5.7025,161
2022,36081,QN98,Airport,nyc,,1e-8,-313390.876808584,,,
2022,36081,QN99,park-cemetery-etc-Queens,nyc,,0.00374358974358974,-245601.524145639,,,
2022,36085,SI01,Annadale-Huguenot-Prince's Bay-Eltingville,nyc,,0.00074336203736262,211492.952114573,,6.278,131
2022,36085,SI05,New Springville-Bloomfield-Travis,nyc,,0.000860402578844921,650673.21695964,,6.72775,74
2022,36085,SI07,Westerleigh,nyc,,0.000886128364389233,243872.552840804,,6.42675,113
2022,36085,SI08,Grymes Hill-Clifton-Fox Hills,nyc,,0.00106109662770162,-626960.342310539,,5.9105,154
2022,36085,SI11,Charleston-Richmond Valley-Tottenville,nyc,,0.000767485588679278,267789.940656909,,6.341,123
2022,36085,SI12,Mariner's Harbor-Arlington-Port Ivory-Graniteville,nyc,,0.000950857276439694,32144.6907310678,,6.32875,127
2022,36085,SI14,Grasmere-Arrochar-Ft. Wadsworth,nyc,,0.00101380355188957,156799.028462075,,6.46525,109
2022,36085,SI22,West New Brighton-New Brighton-St. George,nyc,,0.00107418363203991,-40205.3158188036,,6.601,90
2022,36085,SI24,Todt Hill-Emerson Hill-Heartland Village-Lighthouse Hill,nyc,,0.00082771120733058,-37121.2010832104,,6.16775,143
2022,36085,SI25,Oakwood-Oakwood Beach,nyc,,0.000934922089825848,381944.515000313,,6.57375,96
2022,36085,SI28,Port Richmond,nyc,,0.000994367882256007,-837238.001777122,,5.6865,162
2022,36085,SI32,Rossville-Woodrow,nyc,,0.000702987869095446,234587.17052078,,6.25875,134
2022,36085,SI35,New Brighton-Silver Lake,nyc,,0.000802589337403293,219884.067807149,,6.33575,126
2022,36085,SI36,Old Town-Dongan Hills-South Beach,nyc,,0.000929467406950439,374571.048863721,,6.5685,97
2022,36085,SI37,Stapleton-Rosebank,nyc,,0.00100589018689501,-1157937.71037517,,5.68225,163
2022,36085,SI45,New Dorp-Midland Beach,nyc,,0.000852957615768327,425146.864108751,,6.53875,99
2022,36085,SI48,Arden Heights,nyc,,0.000832945262243971,376259.52,,6.481,106
2022,36085,SI54,Great Kills,nyc,,0.000889067789612748,489628.074508404,,6.62625,85
2022,36085,SI99,park-cemetery-etc-Staten Island,nyc,,1e-8,0,,,
