year,county_fips,population,poverty_count,poverty_total
2022,01001,58761,6630,58291
2022,01003,233420,23445,229539
2022,01005,24877,5280,21851
2022,01007,22251,4297,20836
2022,01009,59077,8277,58399
2022,01011,10328,2687,9616
2022,01013,18981,3937,18652
2022,01015,116162,20267,112350
2022,01017,34612,6080,34008
2022,01019,25069,3516,24658
2022,01021,45140,6422,44441
2022,01023,12669,2388,12475
2022,01025,23058,5073,22687
2022,01027,14209,2440,13887
2022,01029,15144,1931,14978
2022,01031,53559,8592,52713
2022,01033,57270,8998,56667
2022,01035,11576,2122,11514
2022,01037,10329,1102,9969
2022,01039,37542,6921,36847
2022,01041,13205,1916,12895
2022,01043,88284,11364,87201
2022,01045,49455,8469,48342
2022,01047,38326,10230,37774
2022,01049,71680,14251,70473
2022,01051,87694,7986,83185
2022,01053,36755,7449,34154
2022,01055,103348,16146,101767
2022,01057,16297,3543,15973
2022,01059,32011,5246,31558
2022,01061,26647,5480,26306
2022,01063,7706,2504,7612
2022,01065,14742,3613,14448
2022,01067,17282,2608,16807
2022,01069,107040,18878,105841
2022,01071,52618,9680,52008
2022,01073,672265,103894,654506
2022,01075,13885,2107,13736
2022,01077,94329,12188,91894
2022,01079,33116,5182,32725
2022,01081,175126,31003,167593
2022,01083,104199,11287,100831
2022,01085,10153,2552,9997
2022,01087,19198,4127,16499
2022,01089,389781,40440,378398
2022,01091,19180,4063,18939
2022,01093,29203,4707,28621
2022,01095,97923,15992,96335
2022,01097,413878,71353,406199
2022,01099,19816,4472,19562
2022,01101,228132,42877,219231
2022,01103,123102,16579,120811
2022,01105,8479,2478,7547
2022,01107,18925,3864,17301
2022,01109,32997,7242,30639
2022,01111,22179,4277,21539
2022,01113,58849,12816,58181
2022,01115,91719,9786,89634
2022,01117,223916,15080,220029
2022,01119,12196,3285,10815
2022,01121,81105,14436,77226
2022,01123,41251,6826,40523
2022,01125,231558,36412,218123
2022,01127,64978,10437,63595
2022,01129,15434,2415,15282
2022,01131,10441,2735,10219
2022,01133,23655,4217,23175
2022,02013,3407,429,3395
2022,02016,5219,478,4987
2022,02020,290674,27415,284386
2022,02050,18538,4586,18158
2022,02060,854,66,837
2022,02063,7000,339,6871
2022,02066,2614,289,2570
2022,02068,2101,150,2052
2022,02070,4854,765,4814
2022,02090,96299,6356,92321
2022,02100,2079,121,2071
2022,02105,2329,269,2329
2022,02110,32108,2176,31517
2022,02122,59235,7265,57908
2022,02130,13910,1329,13735
2022,02150,13065,1027,12777
2022,02158,8372,2836,8278
2022,02164,999,151,995
2022,02170,108661,10810,105794
2022,02180,10018,2041,9654
2022,02185,10924,857,10793
2022,02188,7682,1405,7604
2022,02195,3374,153,3325
2022,02198,5799,879,5742
2022,02220,8462,571,8278
2022,02230,1303,81,1303
2022,02240,6888,898,6820
2022,02275,2134,213,2110
2022,02282,564,56,561
2022,02290,5355,1216,5308
2022,04001,66054,21058,64716
2022,04003,125504,17553,119388
2022,04005,144705,22531,133468
2022,04007,53419,9910,52176
2022,04009,38453,6230,35262
2022,04011,9483,1208,9428
2022,04012,16681,3435,16364
2022,04013,4430871,503565,4368048
2022,04015,214229,33597,209848
2022,04017,107110,26591,104364
2022,04019,1042393,151733,1014998
2022,04021,433338,46424,411007
2022,04023,47838,9622,47614
2022,04025,237830,28765,233449
2022,04027,204374,34654,197646
2022,05001,17024,2816,16719
2022,05003,19018,4390,18864
2022,05005,41801,5587,41303
2022,05007,286528,22289,282793
2022,05009,37662,4869,36991
2022,05011,10461,1570,10363
2022,05013,4773,574,4596
2022,05015,28362,4329,28046
2022,05017,10234,2618,9542
2022,05019,21469,3812,19070
2022,05021,14537,2789,14358
2022,05023,24948,3469,24565
2022,05025,7548,1013,7472
2022,05027,22707,4675,20756
2022,05029,20782,4313,20647
2022,05031,111038,20511,107299
2022,05033,60593,10620,59501
2022,05035,47945,9305,47239
2022,05037,16827,3357,16611
2022,05039,6472,723,6071
2022,05041,11285,3044,11180
2022,05043,17309,3513,16446
2022,05045,124611,18478,119166
2022,05047,17160,3412,16874
2022,05049,12183,1841,12010
2022,05051,100021,16604,98465
2022,05053,18022,2413,17811
2022,05055,45954,7892,44942
2022,05057,20037,4536,19727
2022,05059,33129,6093,30864
2022,05061,12779,2301,12564
2022,05063,37910,7124,36843
2022,05065,13748,2503,12680
2022,05067,16784,2957,14466
2022,05069,66934,11818,60595
2022,05071,25925,5327,25179
2022,05073,6277,1328,6145
2022,05075,16258,2791,15694
2022,05077,8666,1964,7111
2022,05079,13016,1481,8377
2022,05081,12024,1394,11768
2022,05083,21247,3036,20892
2022,05085,74292,8680,73300
2022,05087,16737,2731,16601
2022,05089,16905,2970,16716
2022,05091,42682,8496,41385
2022,05093,40361,8599,39322
2022,05095,6787,1592,6685
2022,05097,8555,1527,8412
2022,05099,8292,2248,8079
2022,05101,7243,814,7169
2022,05103,22606,4230,22180
2022,05105,10055,1526,9945
2022,05107,16373,4946,16242
2022,05109,10205,1745,9984
2022,05111,22997,4716,22509
2022,05113,19384,3393,19080
2022,05115,63475,10728,60085
2022,05117,8217,797,7987
2022,05119,398322,64768,391159
2022,05121,18619,3519,18306
2022,05123,23138,5659,20136
2022,05125,123988,11688,122392
2022,05127,9871,1677,9792
2022,05129,7880,2054,7731
2022,05131,128184,20818,126132
2022,05133,15913,3144,15648
2022,05135,17422,2725,17121
2022,05137,12393,2603,12286
2022,05139,38815,7135,38320
2022,05141,15900,2971,15707
2022,05143,247331,36258,238639
2022,05145,77118,11867,73769
2022,05147,6259,1146,6030
2022,05149,20342,2480,19923
2022,06001,1663823,149843,1637215
2022,06003,1515,208,1515
2022,06005,40577,2945,37571
2022,06007,213605,38015,208718
2022,06009,45674,5915,45223
2022,06011,21811,2364,21600
2022,06013,1162648,95255,1153216
2022,06015,27462,3585,25096
2022,06017,191713,16364,190326
2022,06019,1008280,193675,990821
2022,06021,28657,4335,28422
2022,06023,136132,26394,133139
2022,06025,179578,36092,171450
2022,06027,18829,2199,18434
2022,06029,906883,170013,881217
2022,06031,152515,22634,139603
2022,06033,68024,11065,66691
2022,06035,31873,3645,23931
2022,06037,9936690,1343978,9782602
2022,06039,157243,30154,150314
2022,06041,260485,17809,255793
2022,06043,17130,2712,16960
2022,06045,91145,14483,89649
2022,06047,282290,51272,276803
2022,06049,8651,1430,8464
2022,06051,13219,1478,13095
2022,06053,437609,51913,421244
2022,06055,137384,10620,134649
2022,06057,102322,10505,101291
2022,06059,3175227,303810,3137483
2022,06061,406608,27446,403083
2022,06063,19650,2101,19331
2022,06065,2429487,272432,2392682
2022,06067,1579211,204388,1560173
2022,06069,64753,4832,64339
2022,06071,2180563,294246,2135785
2022,06073,3289701,338752,3204475
2022,06075,851036,87849,837888
2022,06077,779445,98352,763754
2022,06079,281712,33728,268028
2022,06081,754250,48137,748410
2022,06083,445213,57513,425067
2022,06085,1916831,129834,1886562
2022,06087,268571,29302,257415
2022,06089,181852,23753,178820
2022,06091,2916,359,2854
2022,06093,44049,7289,43698
2022,06095,450995,39705,441378
2022,06097,488436,42925,481716
2022,06099,552063,75125,547303
2022,06101,99101,13065,98113
2022,06103,65484,10483,64796
2022,06105,15889,3457,15717
2022,06107,473446,86391,467719
2022,06109,54993,5887,51779
2022,06111,842009,74315,830237
2022,06113,217141,36521,209629
2022,06115,81705,12375,80299
2022,08001,520149,49625,515939
2022,08003,16460,2418,15566
2022,08005,654453,51766,648402
2022,08007,13509,1092,13391
2022,08009,3496,781,3391
2022,08011,5561,1146,4234
2022,08013,328658,35674,316192
2022,08014,73946,3679,73463
2022,08015,19564,2137,18145
2022,08017,1726,183,1683
2022,08019,9403,617,9315
2022,08021,7553,1177,7505
2022,08023,3534,792,3515
2022,08025,5782,1076,4449
2022,08027,4885,376,4876
2022,08029,31173,4525,30104
2022,08031,710800,81703,698563
2022,08033,2329,389,2329
2022,08035,360206,10799,358730
2022,08037,55650,4457,55385
2022,08039,26457,1124,26406
2022,08041,730323,65325,709408
2022,08043,49107,6081,40536
2022,08045,61683,4917,60787
2022,08047,5856,538,5780
2022,08049,15724,1345,15679
2022,08051,17018,1746,16153
2022,08053,911,67,911
2022,08055,6896,1390,6749
2022,08057,1440,299,1434
2022,08059,580519,38194,572241
2022,08061,1347,210,1317
2022,08063,7039,652,6948
2022,08065,7403,527,7262
2022,08067,55983,6185,54155
2022,08069,359363,40057,349861
2022,08071,14422,2627,13791
2022,08073,5583,485,4184
2022,08075,21302,2332,19950
2022,08077,156131,17446,152255
2022,08079,794,89,794
2022,08081,13232,1947,13119
2022,08083,26070,3231,25754
2022,08085,42823,4904,42360
2022,08087,29045,3662,28545
2022,08089,18580,4350,18130
2022,08091,4936,239,4931
2022,08093,17597,1185,17422
2022,08095,4493,612,4410
2022,08097,17325,1150,17260
2022,08099,11968,2037,11587
2022,08101,168135,27274,163989
2022,08103,6511,799,6175
2022,08105,11442,1151,11221
2022,08107,24944,1965,24639
2022,08109,6454,1123,6419
2022,08111,690,132,690
2022,08113,8082,682,8044
2022,08115,2391,379,2359
2022,08117,30955,2275,30774
2022,08119,24758,1727,24621
2022,08121,4817,446,4600
2022,08123,331466,31432,324810
2022,08125,9938,1355,9652
2022,09110,977165,101370,942162
2022,09120,326381,42156,316788
2022,09130,175244,10964,168957
2022,09140,451887,45555,445259
2022,09150,95687,8356,94421
2022,09160,112696,10462,110869
2022,09170,571298,64563,548511
2022,09180,280293,26614,267571
2022,09190,620666,45652,613025
2022,10001,182400,21850,177226
2022,10003,570567,58355,554534
2022,10005,240668,27585,237315
2022,11001,670587,98039,649184
2022,12001,279729,53070,262950
2022,12003,27969,3398,24834
2022,12005,181055,21755,178348
2022,12007,27816,4352,23937
2022,12009,610723,60927,602971
2022,12011,1940907,238880,1922902
2022,12013,13753,2374,11928
2022,12015,189900,19490,185835
2022,12017,155173,22833,152199
2022,12019,219650,20352,217314
2022,12021,380221,39131,376549
2022,12023,69832,10196,65004
2022,12027,34258,8601,32594
2022,12029,16737,2445,15144
2022,12031,995708,139341,971889
2022,12033,321296,44874,302159
2022,12035,117515,11382,116442
2022,12037,12276,2325,10730
2022,12039,43746,10460,40943
2022,12041,18070,2115,17009
2022,12043,12179,2382,10894
2022,12045,15002,1522,12349
2022,12047,13492,2822,10680
2022,12049,25528,6731,23639
2022,12051,39902,8729,39155
2022,12053,196621,24134,193551
2022,12055,102339,15742,100690
2022,12057,1468560,197369,1443248
2022,12059,19529,2949,17750
2022,12061,160986,18221,159436
2022,12063,47704,7787,40504
2022,12065,14458,2414,13168
2022,12067,8107,1306,6753
2022,12069,386829,36977,381943
2022,12071,772902,89142,761814
2022,12073,294128,53940,277399
2022,12075,43268,6718,42901
2022,12077,7704,1375,6314
2022,12079,17986,3611,16087
2022,12081,405069,40670,399862
2022,12083,378225,52923,368450
2022,12085,159399,16391,155844
2022,12086,2688237,403997,2647752
2022,12087,82044,9480,80988
2022,12089,91538,8343,90614
2022,12091,212021,20998,206301
2022,12093,39870,7113,37024
2022,12095,1427403,187454,1387668
2022,12097,393745,52441,390525
2022,12099,1494805,166938,1469938
2022,12101,569211,66197,560241
2022,12103,959918,107865,940492
2022,12105,736229,106728,720030
2022,12107,73604,16506,72237
2022,12109,278722,18720,275491
2022,12111,334682,41337,331223
2022,12113,188994,16407,183367
2022,12115,439392,35122,431335
2022,12117,471321,44796,466454
2022,12119,131832,11443,123545
2022,12121,43881,5999,41625
2022,12123,21421,2777,18364
2022,12125,15524,1656,10415
2022,12127,558520,66328,544169
2022,12129,33732,1888,30707
2022,12131,76618,7898,74880
2022,12133,25014,5046,22203
2022,13001,18441,4577,18087
2022,13003,8265,2266,8236
2022,13005,11138,2278,10528
2022,13007,2878,666,2878
2022,13009,43778,8864,39122
2022,13011,18381,2411,18297
2022,13013,84399,8009,83850
2022,13015,109410,11700,108124
2022,13017,17169,4442,16768
2022,13019,18187,4167,17956
2022,13021,156554,37641,150191
2022,13023,12413,1906,11172
2022,13025,18105,2933,17982
2022,13027,16275,4277,16120
2022,13029,44995,3200,44700
2022,13031,79829,16576,72752
2022,13033,24337,4150,23944
2022,13035,25522,3612,22907
2022,13037,5594,1007,3900
2022,13039,55105,8638,52754
2022,13043,10946,1947,10648
2022,13045,120060,19641,116368
2022,13047,68052,6012,67306
2022,13049,12547,2381,11623
2022,13051,296266,39871,285213
2022,13053,9402,908,5386
2022,13055,24902,4593,23046
2022,13057,268567,17662,266344
2022,13059,128864,31528,118537
2022,13061,2855,720,2798
2022,13063,296312,49313,291605
2022,13065,6713,2149,6621
2022,13067,765813,62536,754716
2022,13069,43056,8063,40233
2022,13071,45813,11024,45246
2022,13073,156921,11234,156181
2022,13075,17242,3694,16957
2022,13077,147449,12209,146607
2022,13079,12156,1987,11960
2022,13081,20255,4648,19734
2022,13083,16239,985,15071
2022,13085,27355,2623,27200
2022,13087,29063,6805,27955
2022,13089,761209,100326,748744
2022,13091,19977,4090,18310
2022,13093,11236,1942,9265
2022,13095,85038,21493,81493
2022,13097,144735,16579,142957
2022,13099,10753,2356,10591
2022,13101,3707,555,3707
2022,13103,65314,4290,64821
2022,13105,19570,3653,19237
2022,13107,22907,4674,21881
2022,13109,10759,2177,10247
2022,13111,25436,2973,25259
2022,13113,119259,6226,118220
2022,13115,98541,16534,94347
2022,13117,253225,11591,252232
2022,13119,23480,4162,22577
2022,13121,1061944,128777,1031558
2022,13123,31519,4634,31230
2022,13125,2903,438,2821
2022,13127,84566,13638,83105
2022,13129,57785,8014,57164
2022,13131,26075,5121,25865
2022,13133,19020,2434,18844
2022,13135,957977,96291,951183
2022,13137,46326,5942,43809
2022,13139,204953,27392,202711
2022,13141,8588,1932,7026
2022,13143,30178,3737,29866
2022,13145,34914,2588,34405
2022,13147,26110,2742,25274
2022,13149,11489,1887,11306
2022,13151,240853,20180,239400
2022,13153,164117,15791,162009
2022,13155,9487,2028,9222
2022,13157,77033,6198,76173
2022,13159,14882,1963,14706
2022,13161,14791,3326,14724
2022,13163,15591,2925,15070
2022,13165,8704,2163,7753
2022,13167,9225,1762,8059
2022,13169,28382,4016,28100
2022,13171,18676,1967,17513
2022,13173,9964,3114,9702
2022,13175,49407,11823,48476
2022,13177,32968,2802,31704
2022,13179,65550,9676,63012
2022,13181,7726,1388,7665
2022,13183,16804,2594,16450
2022,13185,118257,23507,113874
2022,13187,33405,4556,31352
2022,13189,21715,3430,21253
2022,13191,11183,2240,11021
2022,13193,12099,2651,10110
2022,13195,30378,6203,30142
2022,13197,7508,916,7397
2022,13199,20679,4540,20508
2022,13201,5923,1411,5765
2022,13205,21634,5658,19690
2022,13207,28287,3708,27028
2022,13209,8687,1312,7887
2022,13211,20171,1715,19938
2022,13213,40063,5165,39538
2022,13215,204572,37204,199009
2022,13217,113298,14935,111562
2022,13219,41978,1862,41666
2022,13221,14974,1646,14771
2022,13223,169898,11309,168942
2022,13225,28054,5463,26356
2022,13227,33439,4469,33150
2022,13229,19822,2992,19608
2022,13231,19145,1531,18802
2022,13233,43019,7337,42688
2022,13235,9887,1627,8600
2022,13237,22206,3528,22007
2022,13239,2180,333,2180
2022,13241,16915,2397,16549
2022,13243,6365,1739,6187
2022,13245,206153,40606,195984
2022,13247,93641,10539,92676
2022,13249,4565,727,4565
2022,13251,14026,2511,13632
2022,13253,9117,1890,8990
2022,13255,67415,12412,66078
2022,13257,26732,3289,25708
2022,13259,5121,746,3400
2022,13261,29378,6666,27535
2022,13263,5793,1057,5742
2022,13265,1635,308,1632
2022,13267,24309,3864,19263
2022,13269,7799,2211,7634
2022,13271,12619,3138,10012
2022,13273,9004,2589,8693
2022,13275,45665,8420,45062
2022,13277,41247,8245,39336
2022,13279,26946,5760,26498
2022,13281,12546,1786,11671
2022,13283,6411,1700,6040
2022,13285,69527,13008,67834
2022,13287,8894,1928,8595
2022,13289,7955,1232,7871
2022,13291,24880,2845,24295
2022,13293,27638,6007,26765
2022,13295,68065,9114,66388
2022,13297,97752,12597,96399
2022,13299,35917,7920,33456
2022,13301,5197,1175,5120
2022,13303,19975,3045,18120
2022,13305,30277,5150,28373
2022,13307,2354,655,2350
2022,13309,7550,1856,6955
2022,13311,28165,3561,27472
2022,13313,103033,13695,101791
2022,13315,8839,1608,6977
2022,13317,9610,1694,9499
2022,13319,8852,1896,8689
2022,13321,20706,3982,20334
2022,15001,202163,28162,199796
2022,15003,1010100,86612,979082
2022,15005,50,7,47
2022,15007,73511,6040,72772
2022,15009,164765,15120,162939
2022,16001,497494,42460,484201
2022,16003,4464,645,4423
2022,16005,87434,10541,84101
2022,16007,6436,671,6346
2022,16009,9731,1390,9577
2022,16011,48253,4939,47542
2022,16013,24248,1674,24153
2022,16015,7809,733,7798
2022,16017,47976,5621,47422
2022,16019,124490,11641,123057
2022,16021,12335,2247,12150
2022,16023,2605,568,2566
2022,16025,1133,76,1133
2022,16027,235006,23412,230147
2022,16029,7058,468,6968
2022,16031,24859,2536,24473
2022,16033,756,69,753
2022,16035,8810,900,7996
2022,16037,4344,497,4294
2022,16039,28752,3285,27337
2022,16041,14376,1367,14224
2022,16043,13519,1484,12981
2022,16045,19250,2204,18748
2022,16047,15520,2043,15356
2022,16049,16787,1688,16243
2022,16051,31383,2791,31281
2022,16053,24474,3571,24223
2022,16055,173396,15857,170986
2022,16057,39872,4751,34048
2022,16059,8043,846,7886
2022,16061,3630,637,3600
2022,16063,5203,602,5124
2022,16065,52487,13963,46376
2022,16067,21626,3229,21403
2022,16069,42200,5749,40657
2022,16071,4572,611,4529
2022,16073,12043,1560,11909
2022,16075,25571,2663,25233
2022,16077,7918,875,7849
2022,16079,13399,2098,13116
2022,16081,11813,1178,11809
2022,16083,90592,11126,89133
2022,16085,11830,1628,11639
2022,16087,10612,1894,10448
2022,17001,65583,7731,64113
2022,17003,5261,1103,5148
2022,17005,16750,2187,14687
2022,17007,53459,5150,52806
2022,17009,6334,465,4631
2022,17011,33203,4128,32674
2022,17013,4472,364,4356
2022,17015,15594,1641,14596
2022,17017,12955,1577,12845
2022,17019,206525,35991,192287
2022,17021,33893,3816,32195
2022,17023,15467,1371,15162
2022,17025,13248,2048,13004
2022,17027,36998,2531,35081
2022,17029,47076,8465,43683
2022,17031,5225367,687906,5142964
2022,17033,18729,1632,17005
2022,17035,10447,1000,10259
2022,17037,100686,14841,96425
2022,17039,15535,1557,15279
2022,17041,19714,1833,19361
2022,17043,930559,57674,917954
2022,17045,16852,1946,16494
2022,17047,6182,870,6138
2022,17049,34594,3680,34060
2022,17051,21464,2964,20183
2022,17053,13484,1578,13011
2022,17055,37810,6626,37193
2022,17057,33691,4223,31560
2022,17059,4967,950,4955
2022,17061,12015,1606,11710
2022,17063,52624,3114,52110
2022,17065,8008,1021,7912
2022,17067,17582,2272,17332
2022,17069,3665,414,3590
2022,17071,6374,575,6318
2022,17073,49157,4461,48303
2022,17075,27043,2823,26347
2022,17077,53176,11449,49871
2022,17079,9295,845,9194
2022,17081,37043,4980,35235
2022,17083,21462,1655,20489
2022,17085,21942,1689,21731
2022,17087,13313,1865,11335
2022,17089,517254,42558,511042
2022,17091,107421,14520,103408
2022,17093,132795,6280,132317
2022,17095,49751,7469,45839
2022,17097,713159,54519,694525
2022,17099,109495,14495,106189
2022,17101,15302,1840,13421
2022,17103,34221,3931,31459
2022,17105,35771,3451,33805
2022,17107,28027,2842,24626
2022,17109,27370,4887,24691
2022,17111,311133,18641,308820
2022,17113,171284,23023,162607
2022,17115,103542,15510,100253
2022,17117,44907,6453,43989
2022,17119,265512,31245,260227
2022,17121,37543,6157,36302
2022,17123,11740,1390,11313
2022,17125,13074,1767,12869
2022,17127,14135,1901,13823
2022,17129,12284,964,12134
2022,17131,15692,1244,15505
2022,17133,34905,1481,34533
2022,17135,28352,3640,26044
2022,17137,32882,3938,30505
2022,17139,14531,1307,14239
2022,17141,51672,4234,51024
2022,17143,181186,27284,176365
2022,17145,20996,3257,18644
2022,17147,16698,1189,16622
2022,17149,14776,1925,14312
2022,17151,3799,678,3625
2022,17153,5177,1271,5085
2022,17155,5628,492,5620
2022,17157,30413,3428,27363
2022,17159,15716,2113,15376
2022,17161,143819,21084,139029
2022,17163,256791,34784,252083
2022,17165,23662,4156,23117
2022,17167,196122,24834,192400
2022,17169,6879,1318,6757
2022,17171,4899,531,4838
2022,17173,21042,2138,20816
2022,17175,5395,657,5263
2022,17177,44482,5829,43697
2022,17179,131276,11195,128551
2022,17181,17122,3372,16780
2022,17183,74113,12407,71083
2022,17185,11321,1483,11118
2022,17187,16760,2346,15748
2022,17189,13781,1082,13565
2022,17191,16127,2237,16050
2022,17193,13834,2049,13377
2022,17195,55569,6327,54329
2022,17197,696774,45737,687627
2022,17199,67120,8541,64711
2022,17201,284591,45057,280266
2022,17203,38414,2788,37352
2022,18001,35827,4040,35257
2022,18003,385456,45562,378880
2022,18005,82371,9357,81288
2022,18007,8709,1217,8590
2022,18009,12074,2019,11864
2022,18011,71235,4050,70260
2022,18013,15513,1246,15260
2022,18015,20397,1468,20169
2022,18017,37820,5117,36871
2022,18019,121484,11609,119725
2022,18021,26396,2806,25699
2022,18023,33020,2877,32131
2022,18025,10511,2283,10403
2022,18027,33337,3150,32687
2022,18029,50709,4230,49998
2022,18031,26432,2477,25923
2022,18033,43312,4274,42830
2022,18035,112156,21600,104721
2022,18037,43584,4111,42584
2022,18039,206841,24427,203329
2022,18041,23391,3761,22972
2022,18043,80191,7359,78537
2022,18045,16468,1965,16294
2022,18047,22850,1669,22698
2022,18049,20420,2977,20129
2022,18051,33006,3210,32198
2022,18053,66560,11670,61218
2022,18055,30900,4257,30465
2022,18057,349527,14697,347349
2022,18059,80170,3889,79282
2022,18061,39684,2976,39162
2022,18063,175639,8968,171762
2022,18065,48913,6271,45723
2022,18067,83452,9910,81999
2022,18069,36699,3923,35293
2022,18071,46212,5607,45044
2022,18073,33045,2427,32362
2022,18075,20451,2725,20170
2022,18077,33057,3979,30942
2022,18079,27610,3745,26907
2022,18081,161952,11886,158665
2022,18083,36148,4520,34224
2022,18085,80442,7023,78834
2022,18087,40364,2261,39921
2022,18089,497682,72391,491833
2022,18091,112215,15485,105177
2022,18093,45113,4742,44290
2022,18095,130545,17600,124458
2022,18097,971737,146353,953111
2022,18099,46208,4919,45428
2022,18101,9863,1372,9700
2022,18103,35952,5306,33698
2022,18105,140065,25891,125132
2022,18107,38018,4640,36479
2022,18109,71757,5994,70506
2022,18111,13829,1718,13585
2022,18113,47431,3366,46409
2022,18115,5974,592,5910
2022,18117,19768,2852,19404
2022,18119,21361,2568,20882
2022,18121,16327,2366,15213
2022,18123,19186,2143,17699
2022,18125,12227,1321,12029
2022,18127,173355,15779,169516
2022,18129,25226,2490,24873
2022,18131,12498,1566,12273
2022,18133,36942,2869,32183
2022,18135,24586,3134,24042
2022,18137,28990,2738,28452
2022,18139,16716,1923,16423
2022,18141,272388,37546,260436
2022,18143,24403,3705,23501
2022,18145,44940,5701,44049
2022,18147,19935,1415,19620
2022,18149,23308,3144,23158
2022,18151,34507,3063,32914
2022,18153,20791,2263,18602
2022,18155,9896,1624,9779
2022,18157,186955,32688,170698
2022,18159,15328,1821,15093
2022,18161,7041,418,6924
2022,18163,179900,24763,173666
2022,18165,15488,2263,15223
2022,18167,106355,19702,98735
2022,18169,31032,3194,29116
2022,18171,8454,1045,8330
2022,18173,64065,3815,62952
2022,18175,28133,3626,27659
2022,18177,66522,10246,63855
2022,18179,28167,1748,27453
2022,18181,24630,2109,24258
2022,18183,34259,3090,33790
2022,19001,7479,736,7304
2022,19003,3680,341,3602
2022,19005,14046,1594,13716
2022,19007,12279,2104,12129
2022,19009,5651,652,5506
2022,19011,25652,2089,25175
2022,19013,131041,19808,126174
2022,19015,26700,1956,26170
2022,19017,25012,1541,23474
2022,19019,20631,1764,20442
2022,19021,20687,1391,19658
2022,19023,14376,1669,14114
2022,19025,9893,832,9204
2022,19027,20728,1587,20349
2022,19029,13116,1973,12858
2022,19031,18479,1418,18104
2022,19033,42979,3929,42118
2022,19035,11601,1506,11286
2022,19037,11957,740,11729
2022,19039,9737,1611,9524
2022,19041,16423,1845,16109
2022,19043,17123,2194,16847
2022,19045,46488,5649,45525
2022,19047,16450,2759,16244
2022,19049,100367,5657,99817
2022,19051,9093,843,8961
2022,19053,7684,1011,6979
2022,19055,17523,1152,17342
2022,19057,38824,5557,37950
2022,19059,17692,1086,17451
2022,19061,98812,9479,95249
2022,19063,9349,1096,8632
2022,19065,19519,2232,18868
2022,19067,15601,1673,15393
2022,19069,10015,1353,9841
2022,19071,6639,489,6488
2022,19073,8801,999,8661
2022,19075,12351,724,12182
2022,19077,10619,1061,10481
2022,19079,14979,1144,14703
2022,19081,10790,1046,10551
2022,19083,16861,1355,16112
2022,19085,14623,1092,14348
2022,19087,20436,2125,18788
2022,19089,9479,805,9276
2022,19091,9606,1267,9496
2022,19093,6969,785,6812
2022,19095,16575,1490,16322
2022,19097,19470,1967,19209
2022,19099,37808,3183,36095
2022,19101,15785,2074,14842
2022,19103,153360,24647,145970
2022,19105,20733,2218,19447
2022,19107,10026,1207,9883
2022,19109,14718,1514,14454
2022,19111,33442,4092,32055
2022,19113,229308,21239,224018
2022,19115,10823,1072,10655
2022,19117,8666,1422,8557
2022,19119,12023,459,11838
2022,19121,16609,1007,16411
2022,19123,22059,2552,21320
2022,19125,33487,2438,31721
2022,19127,40049,4294,38452
2022,19129,14605,996,14423
2022,19131,10537,688,10261
2022,19133,8671,1040,8476
2022,19135,7574,805,7435
2022,19137,10285,1461,10084
2022,19139,42968,4937,42138
2022,19141,14138,1683,13868
2022,19143,6149,760,6013
2022,19145,15225,1918,14282
2022,19147,8938,913,8537
2022,19149,25621,1433,25267
2022,19151,7061,626,6906
2022,19153,493378,50072,484508
2022,19155,93543,10317,91067
2022,19157,18608,1828,16978
2022,19159,4690,369,4474
2022,19161,9778,831,9574
2022,19163,174315,20277,170439
2022,19165,11737,1011,11507
2022,19167,35815,2039,33547
2022,19169,98573,16953,86383
2022,19171,17017,2513,16578
2022,19173,5916,496,5806
2022,19175,12107,1401,11783
2022,19177,7207,788,7101
2022,19179,35292,6001,34402
2022,19181,52709,3135,50869
2022,19183,22534,1655,22106
2022,19185,6484,847,6360
2022,19187,36986,4151,34159
2022,19189,10704,779,10048
2022,19191,20050,1601,17920
2022,19193,105526,13876,102741
2022,19195,7417,537,7290
2022,19197,12897,1810,12678
2022,20001,12554,1841,12121
2022,20003,7799,1004,7625
2022,20005,16309,2149,14839
2022,20007,4081,809,3982
2022,20009,25477,3592,24826
2022,20011,14405,1785,13955
2022,20013,9486,1347,9294
2022,20015,67618,5088,64314
2022,20017,2570,216,2467
2022,20019,3389,587,3339
2022,20021,19380,2615,19091
2022,20023,2619,392,2572
2022,20025,1977,220,1874
2022,20027,8088,899,7918
2022,20029,9008,1024,8569
2022,20031,8334,923,8209
2022,20033,1825,152,1746
2022,20035,34661,4519,32375
2022,20037,39012,7742,37038
2022,20039,2771,329,2686
2022,20041,18492,1601,18109
2022,20043,7501,768,6717
2022,20045,119094,18017,110618
2022,20047,2849,378,2777
2022,20049,2453,362,2443
2022,20051,28921,4223,27619
2022,20053,6374,471,5385
2022,20055,38187,4791,37357
2022,20057,34212,3959,33339
2022,20059,25968,2100,25194
2022,20061,36247,6544,35147
2022,20063,2758,173,2707
2022,20065,2430,238,2396
2022,20067,7336,387,7250
2022,20069,5719,228,5544
2022,20071,1279,101,1252
2022,20073,6001,903,5909
2022,20075,2520,198,2511
2022,20077,5457,825,5312
2022,20079,33959,3163,32645
2022,20081,3735,332,3683
2022,20083,1770,152,1730
2022,20085,13274,1036,13084
2022,20087,18387,1096,18155
2022,20089,2929,543,2897
2022,20091,610742,31858,604521
2022,20093,3964,607,3881
2022,20095,7369,570,7229
2022,20097,2445,116,2238
2022,20099,20096,2988,19685
2022,20101,1528,137,1523
2022,20103,82050,7711,76397
2022,20105,2929,368,2870
2022,20107,9696,1105,9609
2022,20109,2752,269,2721
2022,20111,32182,5034,31042
2022,20113,30085,3020,28420
2022,20115,11867,970,11063
2022,20117,10014,1036,9821
2022,20119,4019,276,3913
2022,20121,34312,2347,33682
2022,20123,5829,854,5687
2022,20125,31448,5146,30443
2022,20127,5385,582,5302
2022,20129,2688,345,2615
2022,20131,10219,863,9904
2022,20133,15826,2286,15281
2022,20135,2677,276,2623
2022,20137,5431,420,4462
2022,20139,15787,1726,15484
2022,20141,3493,454,3384
2022,20143,5768,589,5663
2022,20145,6288,642,5402
2022,20147,4960,799,4864
2022,20149,25482,1821,25121
2022,20151,9175,1005,8658
2022,20153,2544,274,2509
2022,20155,61881,7243,58757
2022,20157,4686,465,4596
2022,20159,9441,854,8738
2022,20161,72105,13920,61241
2022,20163,4925,218,4707
2022,20165,2939,368,2866
2022,20167,6702,1143,6532
2022,20169,54160,6293,52654
2022,20171,5128,379,4983
2022,20173,522700,70351,514863
2022,20175,21942,2918,21526
2022,20177,178625,22395,174048
2022,20179,2450,186,2410
2022,20181,5940,590,5624
2022,20183,3561,256,3496
2022,20185,4054,436,3944
2022,20187,2060,268,2030
2022,20189,5275,816,5158
2022,20191,22517,2553,22047
2022,20193,7907,489,7457
2022,20195,2798,198,2716
2022,20197,6922,402,6783
2022,20199,1489,228,1466
2022,20201,5529,538,5419
2022,20203,2131,315,2108
2022,20205,8667,1387,8516
2022,20207,3134,408,3076
2022,20209,167989,27937,165936
2022,21001,18887,3490,17640
2022,21003,20773,3381,20465
2022,21005,23839,3160,23634
2022,21007,7742,1085,7589
2022,21009,44511,9187,43546
2022,21011,12739,2916,12608
2022,21013,24248,6153,23401
2022,21015,136150,7725,134670
2022,21017,20228,3015,19941
2022,21019,48242,8071,46345
2022,21021,30613,4154,27702
2022,21023,8420,1410,8312
2022,21025,13580,3801,13335
2022,21027,20528,4734,20129
2022,21029,82482,8667,81905
2022,21031,12365,2367,11984
2022,21033,12635,2024,12512
2022,21035,37345,6405,34183
2022,21037,93122,10536,90031
2022,21039,4782,949,4725
2022,21041,10842,2140,10545
2022,21043,26671,6195,25941
2022,21045,15942,4059,15550
2022,21047,72766,11227,67076
2022,21049,36897,5451,36199
2022,21051,20322,5891,18871
2022,21053,9295,1850,9124
2022,21055,8979,1560,8710
2022,21057,5974,1658,5869
2022,21059,102916,13990,100089
2022,21061,12179,2035,11999
2022,21063,7378,1492,6046
2022,21065,14138,3353,13995
2022,21067,321276,46179,309254
2022,21069,15111,3167,15090
2022,21071,35780,10254,35015
2022,21073,51475,6596,49746
2022,21075,6480,1633,5965
2022,21077,8720,1445,8590
2022,21079,17175,2657,16947
2022,21081,25085,3157,24619
2022,21083,36701,7141,36109
2022,21085,26465,5462,25933
2022,21087,11198,2356,11036
2022,21089,35853,5323,35328
2022,21091,9058,1345,8883
2022,21093,111005,12401,107715
2022,21095,26589,7799,25979
2022,21097,18803,2925,18467
2022,21099,19345,4259,18815
2022,21101,44770,7431,43703
2022,21103,15731,2534,15606
2022,21105,4491,726,4344
2022,21107,45223,8424,43907
2022,21109,13002,2905,12830
2022,21111,779232,107897,763818
2022,21113,53381,6254,51659
2022,21115,22631,4728,22090
2022,21117,169066,19922,167108
2022,21119,14282,3798,13697
2022,21121,30207,10030,29468
2022,21123,14902,2760,14650
2022,21125,62442,12608,61356
2022,21127,16228,4236,16087
2022,21129,7338,2082,6639
2022,21131,10468,3381,10054
2022,21133,21490,6082,20965
2022,21135,13063,3428,12890
2022,21137,24320,4150,23885
2022,21139,8980,1503,8926
2022,21141,27498,4268,27107
2022,21143,8721,724,7267
2022,21145,67573,10045,66209
2022,21147,16892,5147,15294
2022,21149,9173,721,9094
2022,21151,92955,14057,87178
2022,21153,11647,3503,11506
2022,21155,19627,4180,18594
2022,21157,31706,3744,30911
2022,21159,11298,2357,10017
2022,21161,17068,3142,16767
2022,21163,29964,3925,29549
2022,21165,6174,1643,6111
2022,21167,22662,2515,22442
2022,21169,10313,2447,10194
2022,21171,11331,2334,11162
2022,21173,28188,4525,27603
2022,21175,13840,2494,12205
2022,21177,30735,4840,29666
2022,21179,46779,4051,46209
2022,21181,7613,1215,7507
2022,21183,23782,3263,23241
2022,21185,67997,2561,64188
2022,21187,11229,1571,11112
2022,21189,4054,1114,3866
2022,21191,14638,2550,14336
2022,21193,28136,6521,27366
2022,21195,58196,13607,56948
2022,21197,13089,2680,12698
2022,21199,65145,13636,63813
2022,21201,2207,450,2047
2022,21203,16171,3693,15679
2022,21205,24551,5366,21826
2022,21207,18021,3803,17582
2022,21209,57286,5173,55727
2022,21211,48105,3706,46787
2022,21213,19574,2694,18984
2022,21215,19549,1607,19289
2022,21217,26056,3551,24882
2022,21219,12281,2548,12058
2022,21221,14154,2556,14065
2022,21223,8510,1147,8370
2022,21225,13495,2487,13195
2022,21227,135307,22132,128934
2022,21229,12025,1657,11726
2022,21231,19666,4898,19310
2022,21233,12951,2022,12589
2022,21235,36648,8189,34862
2022,21237,6573,2362,6424
2022,21239,26886,2228,26409
2022,22001,57674,13459,56735
2022,22003,22798,3711,18955
2022,22005,126973,12453,125821
2022,22007,21067,3354,20925
2022,22009,39529,10160,36357
2022,22011,36553,4765,35787
2022,22013,12958,3928,12638
2022,22015,128877,21074,126478
2022,22017,236259,50825,231637
2022,22019,210770,35580,207624
2022,22021,9658,2327,9360
2022,22023,5447,669,5410
2022,22025,8895,1873,7598
2022,22027,14203,4005,12280
2022,22029,18677,5864,17311
2022,22031,26821,5381,26614
2022,22033,454369,78833,441372
2022,22035,7371,2216,5501
2022,22037,19452,2441,16640
2022,22039,32335,8576,30889
2022,22041,19752,4884,18769
2022,22043,22185,2855,19022
2022,22045,69958,15953,69049
2022,22047,30210,4597,27311
2022,22049,15093,3706,14143
2022,22051,436171,66951,432591
2022,22053,32277,5074,31674
2022,22055,243175,40006,237978
2022,22057,97220,15695,94822
2022,22059,14764,2081,13699
2022,22061,48323,13210,44477
2022,22063,143425,16496,142124
2022,22065,10028,3223,8460
2022,22067,25438,7067,24537
2022,22069,37478,9184,35426
2022,22071,380408,84133,366993
2022,22073,159585,36050,153782
2022,22075,23305,3379,22989
2022,22077,20652,3922,20499
2022,22079,129536,23102,126081
2022,22081,7631,1800,7269
2022,22083,20028,4591,19106
2022,22085,22209,5237,21890
2022,22087,44038,9840,43690
2022,22089,52191,5249,51554
2022,22091,10872,2942,10715
2022,22093,20090,2282,19907
2022,22095,41986,5830,41481
2022,22097,82574,22276,81024
2022,22099,51856,9019,51348
2022,22101,49114,10623,48461
2022,22103,266168,30682,263232
2022,22105,133953,24896,129545
2022,22107,4127,1403,4001
2022,22109,108862,17532,107203
2022,22111,21049,5507,20529
2022,22113,57202,10909,56531
2022,22115,48452,8390,46492
2022,22117,45514,10294,43715
2022,22119,36761,9888,35828
2022,22121,27377,3922,26591
2022,22123,9800,1827,9510
2022,22125,15358,1676,11794
2022,22127,13665,2361,12019
2022,23001,111532,13334,107822
2022,23003,67237,9755,65254
2022,23005,303357,21265,294808
2022,23007,29839,3477,28692
2022,23009,55851,5949,54389
2022,23011,124003,14938,120229
2022,23013,40729,3892,39021
2022,23015,35466,3182,34809
2022,23017,58276,8259,57245
2022,23019,152640,19608,146149
2022,23021,16936,2479,16551
2022,23023,36868,3979,36527
2022,23025,50656,8331,49642
2022,23027,39772,5035,38992
2022,23029,31096,5276,30087
2022,23031,212691,16732,209237
2022,24001,68161,9692,61098
2022,24003,588109,33687,577547
2022,24005,850737,84846,830921
2022,24009,93244,3959,92740
2022,24011,33320,4228,32727
2022,24013,173225,8646,169609
2022,24015,103876,10341,102465
2022,24017,167035,9729,165668
2022,24019,32557,4951,32157
2022,24021,273829,16599,269356
2022,24023,28856,3123,28236
2022,24025,261059,18524,259577
2022,24027,332011,17671,329123
2022,24029,19289,1693,17761
2022,24031,1056910,75205,1047814
2022,24033,957189,89651,935601
2022,24035,50316,3419,49851
2022,24037,113814,8456,111369
2022,24039,24672,3922,19771
2022,24041,37663,3460,37175
2022,24043,154645,18137,146912
2022,24045,103815,13844,100041
2022,24047,52827,4275,52167
2022,24510,584548,110509,564634
2022,25001,229436,15911,226765
2022,25003,128763,13518,123244
2022,25005,576699,62801,563586
2022,25007,20543,1364,20321
2022,25009,806103,76850,790497
2022,25011,70980,8360,69880
2022,25013,464575,71252,451890
2022,25015,153931,14133,133208
2022,25017,1623109,117050,1573523
2022,25019,14065,687,13893
2022,25021,722112,45607,706126
2022,25023,529548,34547,519411
2022,25025,785443,126977,745894
2022,25027,858898,83304,834054
2022,26001,10238,1604,10128
2022,26003,8866,801,7814
2022,26005,120189,11307,118878
2022,26007,28911,4685,28378
2022,26009,23662,2199,23443
2022,26011,15031,2019,14891
2022,26013,8245,877,7204
2022,26015,62581,5163,61908
2022,26017,103752,15715,102815
2022,26019,18058,1862,17826
2022,26021,153938,23756,151178
2022,26023,44795,6409,42681
2022,26025,134011,19360,130504
2022,26027,51604,6573,51125
2022,26029,26174,2230,25828
2022,26031,25709,3029,25413
2022,26033,36670,5441,33041
2022,26035,30998,6765,30572
2022,26037,79249,7488,78373
2022,26039,13197,1798,12999
2022,26041,36839,4802,36245
2022,26043,25937,2477,25529
2022,26045,109072,8156,107193
2022,26047,34072,2816,33648
2022,26049,405280,65056,400350
2022,26051,25461,3574,25173
2022,26053,14597,1993,14131
2022,26055,95315,9772,93926
2022,26057,41534,5007,35466
2022,26059,45698,6682,44097
2022,26061,37414,5838,33798
2022,26063,31461,3501,31089
2022,26065,282540,43825,265022
2022,26067,66663,6508,62928
2022,26069,25319,3767,24982
2022,26071,11585,1642,11174
2022,26073,64938,13998,59298
2022,26075,160637,18276,150865
2022,26077,261426,33911,253778
2022,26079,17934,2615,17770
2022,26081,657321,69388,646561
2022,26083,2088,163,2084
2022,26085,12285,2434,11992
2022,26087,88687,8832,86900
2022,26089,22426,1483,22213
2022,26091,99263,10451,94326
2022,26093,194302,9362,192746
2022,26095,5442,804,4401
2022,26097,10843,1685,10657
2022,26099,878453,85418,870199
2022,26101,25058,2667,23697
2022,26103,66376,8535,62919
2022,26105,29178,3944,28830
2022,26107,40128,6778,37723
2022,26109,23433,2464,22912
2022,26111,83503,8337,82166
2022,26113,15089,1676,14959
2022,26115,154823,16690,153049
2022,26117,66901,7882,64105
2022,26119,9261,1690,9121
2022,26121,175947,21923,169672
2022,26123,50130,7537,49524
2022,26125,1272264,97107,1261164
2022,26127,26707,3657,26257
2022,26129,20820,3485,20417
2022,26131,5862,794,5803
2022,26133,23022,3551,22650
2022,26135,8264,1139,8195
2022,26137,25221,2653,24874
2022,26139,296183,21639,286398
2022,26141,13083,1645,12949
2022,26143,23556,3758,23240
2022,26145,189821,33469,183757
2022,26147,160257,18761,158320
2022,26149,60887,7714,59939
2022,26151,40759,6004,40155
2022,26153,8062,1272,7949
2022,26155,68124,7402,67233
2022,26157,53218,6443,52385
2022,26159,75636,10591,74828
2022,26161,370231,48358,350752
2022,26163,1781641,355857,1762492
2022,26165,33766,4425,33268
2022,27001,15859,1931,15627
2022,27003,363985,22852,360581
2022,27005,35202,3754,34515
2022,27007,46274,7160,44355
2022,27009,41300,3780,40545
2022,27011,5161,523,4994
2022,27013,69022,10756,65569
2022,27015,25880,1918,24810
2022,27017,36362,4396,34539
2022,27019,107216,4012,106049
2022,27021,30288,3653,29867
2022,27023,12466,1368,12195
2022,27025,56927,3471,55475
2022,27027,65307,9165,62141
2022,27029,8541,943,8381
2022,27031,5611,477,5557
2022,27033,11481,1448,11262
2022,27035,66558,6841,65574
2022,27037,439179,24600,436007
2022,27039,20893,1018,20619
2022,27041,39081,3281,38550
2022,27043,13931,1555,13609
2022,27045,21251,1805,20713
2022,27047,30857,2895,30330
2022,27049,47697,4253,46803
2022,27051,6091,607,6005
2022,27053,1270787,122904,1248688
2022,27055,18826,1337,18588
2022,27057,21479,2143,21138
2022,27059,41257,3591,40871
2022,27061,45054,5161,43883
2022,27063,9990,958,9839
2022,27065,16145,1549,15854
2022,27067,43686,4640,42567
2022,27069,4191,443,4029
2022,27071,12072,1375,11757
2022,27073,6736,570,6571
2022,27075,10915,921,10705
2022,27077,3786,399,3734
2022,27079,28795,2123,28513
2022,27081,5630,496,5440
2022,27083,25352,3017,24401
2022,27085,36727,2587,36326
2022,27087,5389,1083,5267
2022,27089,9017,655,8837
2022,27091,19960,2305,19695
2022,27093,23352,1736,22968
2022,27095,26680,2871,26131
2022,27097,34023,3448,33452
2022,27099,40082,4665,39300
2022,27101,8170,595,8044
2022,27103,34380,3308,31983
2022,27105,22194,2665,21771
2022,27107,6457,562,6286
2022,27109,162307,12551,159431
2022,27111,60072,5110,59024
2022,27113,13995,1325,13765
2022,27115,29090,2933,27571
2022,27117,9380,1198,9190
2022,27119,31128,3468,30000
2022,27121,11312,1067,11093
2022,27123,547202,68789,533522
2022,27125,3912,363,3900
2022,27127,15428,1519,15079
2022,27129,14707,1489,14327
2022,27131,67152,5503,59518
2022,27133,9659,827,9404
2022,27135,15294,1563,15047
2022,27137,200122,26458,192749
2022,27139,151347,7517,149421
2022,27141,97820,5570,95780
2022,27143,14950,1278,14802
2022,27145,158622,19300,152308
2022,27147,37396,3121,36886
2022,27149,9682,1095,9349
2022,27151,9806,1034,9644
2022,27153,25277,2988,24891
2022,27155,3345,273,3245
2022,27157,21460,1606,21211
2022,27159,14108,1642,13761
2022,27161,18953,1198,18111
2022,27163,268651,12377,265165
2022,27165,11205,1467,11059
2022,27167,6454,856,6323
2022,27169,49792,6518,46485
2022,27171,142543,6771,141270
2022,27173,9569,941,9398
2022,28001,29425,7461,27437
2022,28003,34717,5791,33825
2022,28005,12683,3398,12560
2022,28007,17842,4103,17414
2022,28009,7637,1328,7536
2022,28011,30688,9054,28497
2022,28013,13193,2426,12935
2022,28015,9930,2084,9540
2022,28017,17024,4392,16498
2022,28019,8208,1543,8064
2022,28021,9044,2419,7951
2022,28023,15553,3176,15427
2022,28025,18598,4214,18314
2022,28027,21264,7623,20619
2022,28029,28210,6353,27113
2022,28031,18323,4251,18002
2022,28033,186214,18083,184491
2022,28035,77917,16868,73861
2022,28037,7690,1805,7593
2022,28039,24547,4986,23823
2022,28041,13672,1824,9922
2022,28043,21474,4669,21022
2022,28045,46010,6263,45578
2022,28047,208748,37450,203728
2022,28049,226541,45809,217675
2022,28051,16848,5598,16002
2022,28053,7744,2453,7651
2022,28055,1206,176,853
2022,28057,23888,2324,22308
2022,28059,143721,22256,142083
2022,28061,16320,2785,16183
2022,28063,7207,2139,6730
2022,28065,11291,2579,11176
2022,28067,67152,13933,65533
2022,28069,8980,1778,8073
2022,28071,56172,9967,50751
2022,28073,64425,10759,63869
2022,28075,72741,17290,69590
2022,28077,11933,2683,11917
2022,28079,21335,4335,20675
2022,28081,83343,11039,82056
2022,28083,27920,8524,26469
2022,28085,34855,7675,34368
2022,28087,58547,10235,56588
2022,28089,109257,10534,107564
2022,28091,24362,5362,23499
2022,28093,33980,6181,31676
2022,28095,34168,5557,33201
2022,28097,9803,2337,9660
2022,28099,28970,7938,28353
2022,28101,21275,4803,20475
2022,28103,10261,2337,10072
2022,28105,51388,13133,46114
2022,28107,33157,6712,32863
2022,28109,56351,8663,54953
2022,28111,11511,2304,11192
2022,28113,40098,11875,38709
2022,28115,31202,5166,30932
2022,28117,24945,3866,23689
2022,28119,6113,1789,5919
2022,28121,157185,14417,151949
2022,28123,27943,6030,27580
2022,28125,3910,1025,3809
2022,28127,25889,4321,25333
2022,28129,14310,2578,14154
2022,28131,18360,3660,17578
2022,28133,25867,6347,22127
2022,28135,12621,3095,12059
2022,28137,28094,4352,26101
2022,28139,21769,4013,21241
2022,28141,18837,3561,18529
2022,28143,9787,3002,9572
2022,28145,27880,3388,27506
2022,28147,13888,2783,13727
2022,28149,44341,7923,43731
2022,28151,44604,12788,43658
2022,28153,19760,4343,19668
2022,28155,9942,1550,9828
2022,28157,8531,1601,7442
2022,28159,17741,4490,17285
2022,28161,12499,2510,12223
2022,28163,27467,6569,22548
2022,29001,25299,5438,23055
2022,29003,18069,1346,17767
2022,29005,5270,600,5173
2022,29007,24873,4255,23510
2022,29009,34701,6330,34240
2022,29011,11683,2558,11518
2022,29013,16101,2993,15670
2022,29015,19616,3396,19367
2022,29017,10658,1570,10524
2022,29019,184043,31074,174545
2022,29021,84544,13398,80834
2022,29023,42280,8718,41296
2022,29025,8876,1392,8648
2022,29027,44517,3854,40677
2022,29029,43227,5726,42555
2022,29031,81703,11340,78094
2022,29033,8513,793,8412
2022,29035,5299,1069,5190
2022,29037,108205,7440,106919
2022,29039,14314,2586,14097
2022,29041,7417,953,7172
2022,29043,89568,7682,88627
2022,29045,6693,720,6602
2022,29047,253085,20681,250492
2022,29049,21155,2333,20638
2022,29051,76890,6795,72319
2022,29053,16893,2004,15364
2022,29055,23023,3305,22543
2022,29057,7598,1267,7436
2022,29059,17158,3484,16911
2022,29061,8418,1131,8209
2022,29063,11838,959,9272
2022,29065,14509,2412,14343
2022,29067,11803,2289,11665
2022,29069,28174,6019,27374
2022,29071,104858,8364,103415
2022,29073,14801,1722,14473
2022,29075,6219,923,6071
2022,29077,299188,41987,287851
2022,29079,9878,1581,9564
2022,29081,8190,1312,7955
2022,29083,22064,3263,21700
2022,29085,8452,1464,8332
2022,29087,4274,391,4141
2022,29089,10142,1206,9390
2022,29091,39960,9006,39222
2022,29093,9538,1792,9177
2022,29095,715526,97773,704419
2022,29097,122788,22265,120463
2022,29099,226984,18549,224204
2022,29101,54025,6115,49639
2022,29103,3772,470,3708
2022,29105,36060,6058,35513
2022,29107,32858,2975,32357
2022,29109,38231,5486,37444
2022,29111,9987,1513,9190
2022,29113,60172,6793,59034
2022,29115,11892,1965,11735
2022,29117,14402,1377,13187
2022,29119,23381,3912,23132
2022,29121,15173,1632,14893
2022,29123,12649,1497,12413
2022,29125,8454,1463,8388
2022,29127,28525,3870,27333
2022,29129,3517,516,3456
2022,29131,24855,3906,24462
2022,29133,12305,2560,10823
2022,29135,15401,1530,14060
2022,29137,8668,1404,8519
2022,29139,11421,1644,11100
2022,29141,21169,4088,20733
2022,29143,16341,2744,15894
2022,29145,59019,8618,57840
2022,29147,21140,3559,18306
2022,29149,8783,1973,8578
2022,29151,13374,999,13064
2022,29153,8688,1931,8593
2022,29155,15555,4489,15346
2022,29157,18970,2109,18606
2022,29159,43059,6274,42434
2022,29161,44843,7357,41650
2022,29163,17719,2513,15891
2022,29165,107033,7389,106089
2022,29167,31877,5215,30390
2022,29169,53726,6382,43971
2022,29171,4698,564,4594
2022,29173,10356,1269,10285
2022,29175,24652,3901,22699
2022,29177,23122,2784,22853
2022,29179,6102,1073,5925
2022,29181,10839,2212,10746
2022,29183,406262,18026,398999
2022,29185,9330,1412,8971
2022,29186,18494,1660,18013
2022,29187,66814,10749,61012
2022,29189,999703,94056,978040
2022,29195,23219,2821,21715
2022,29197,4066,414,4055
2022,29199,4720,343,4609
2022,29201,38055,5826,37429
2022,29203,7132,1021,6957
2022,29205,6049,866,5830
2022,29207,28656,4643,28210
2022,29209,31314,4344,30864
2022,29211,5983,879,5812
2022,29213,56202,8906,54282
2022,29215,24828,4674,23400
2022,29217,19777,3454,19036
2022,29219,35729,3593,35221
2022,29221,23580,4182,22487
2022,29223,11081,2739,10900
2022,29225,39265,5967,38016
2022,29227,1982,323,1949
2022,29229,18475,3674,18041
2022,29510,298018,58373,289284
2022,30001,9469,1387,9007
2022,30003,13090,3292,12792
2022,30005,7030,1395,6909
2022,30007,6977,633,6919
2022,30009,10645,1073,10464
2022,30011,1332,222,1306
2022,30013,84423,11172,82121
2022,30015,5897,878,5832
2022,30017,11957,1281,11533
2022,30019,1535,183,1501
2022,30021,8915,634,8469
2022,30023,9435,2070,9021
2022,30025,2941,365,2863
2022,30027,11496,1651,11182
2022,30029,105950,9727,104920
2022,30031,119685,12231,115388
2022,30033,976,91,966
2022,30035,13781,3986,13569
2022,30037,841,135,841
2022,30039,3368,431,3285
2022,30041,16238,2679,15832
2022,30043,12273,609,12047
2022,30045,2039,357,2039
2022,30047,31509,5901,31068
2022,30049,71487,6568,70098
2022,30051,1993,515,1966
2022,30053,20157,3360,19928
2022,30055,1746,42,1723
2022,30057,8742,592,8653
2022,30059,1948,223,1857
2022,30061,4652,639,4518
2022,30063,118541,13756,115895
2022,30065,4924,576,4861
2022,30067,17320,1968,17147
2022,30069,416,26,416
2022,30071,4233,290,4174
2022,30073,5987,1272,5889
2022,30075,1773,220,1733
2022,30077,6998,271,5178
2022,30079,1283,278,1249
2022,30081,44876,4372,44583
2022,30083,11366,942,11310
2022,30085,10799,3271,10368
2022,30087,8310,1670,8197
2022,30089,12615,2027,12410
2022,30091,3700,356,3619
2022,30093,35306,5438,34178
2022,30095,8978,713,8893
2022,30097,3697,219,3668
2022,30099,6238,886,6133
2022,30101,5018,468,4417
2022,30103,680,67,680
2022,30105,7552,910,7383
2022,30107,2060,460,2029
2022,30109,1119,195,1095
2022,30111,165524,17356,162023
2022,31001,31143,3563,29688
2022,31003,6302,686,6196
2022,31005,485,34,485
2022,31007,670,49,664
2022,31009,384,44,384
2022,31011,5397,389,5295
2022,31013,10778,1271,10588
2022,31015,1767,202,1739
2022,31017,2691,236,2652
2022,31019,50103,5653,47952
2022,31021,6717,941,6627
2022,31023,8373,647,8202
2022,31025,26749,1482,26297
2022,31027,8375,444,8176
2022,31029,3704,298,3633
2022,31031,5473,530,5408
2022,31033,9489,1086,9316
2022,31035,6088,520,5957
2022,31037,10563,1057,10338
2022,31039,9000,678,8858
2022,31041,10566,1177,10399
2022,31043,21308,2354,21029
2022,31045,8279,964,7434
2022,31047,24037,3378,23748
2022,31049,1858,132,1847
2022,31051,5579,518,5486
2022,31053,37175,3255,35942
2022,31055,582638,62856,571091
2022,31057,1825,224,1797
2022,31059,5557,375,5354
2022,31061,2901,421,2825
2022,31063,2491,295,2384
2022,31065,4630,506,4538
2022,31067,21654,2835,21233
2022,31069,1778,168,1749
2022,31071,1833,213,1752
2022,31073,1873,120,1835
2022,31075,649,68,630
2022,31077,2212,271,2173
2022,31079,62575,7860,61620
2022,31081,9400,510,9257
2022,31083,3094,224,3048
2022,31085,919,135,919
2022,31087,2620,319,2580
2022,31089,10149,986,9993
2022,31091,659,51,626
2022,31093,6476,312,6403
2022,31095,7185,780,7028
2022,31097,5294,265,4322
2022,31099,6655,619,6542
2022,31101,8303,978,8197
2022,31103,987,85,987
2022,31105,3395,333,3320
2022,31107,8415,983,8220
2022,31109,322063,36483,309133
2022,31111,34532,3699,33709
2022,31113,839,77,834
2022,31115,629,50,629
2022,31117,456,35,456
2022,31119,35538,4201,34549
2022,31121,7675,772,7536
2022,31123,4562,423,4441
2022,31125,3366,446,3278
2022,31127,7019,1001,6531
2022,31129,4092,253,4033
2022,31131,15995,1804,15759
2022,31133,2553,332,2491
2022,31135,2860,245,2821
2022,31137,8966,1257,8673
2022,31139,7301,569,7166
2022,31141,34219,2774,33799
2022,31143,5182,393,5082
2022,31145,10690,1262,10375
2022,31147,7850,837,7707
2022,31149,1312,113,1242
2022,31151,14275,1524,13460
2022,31153,191272,10398,189463
2022,31155,22374,1471,22069
2022,31157,36048,4379,35113
2022,31159,17644,1104,16309
2022,31161,5102,539,4979
2022,31163,2970,318,2911
2022,31165,1162,202,1162
2022,31167,5828,404,5757
2022,31169,5006,468,4839
2022,31171,592,39,592
2022,31173,6716,1253,6602
2022,31175,4053,353,3989
2022,31177,20884,1644,20631
2022,31179,9701,1381,8311
2022,31181,3410,262,3311
2022,31183,771,79,771
2022,31185,14212,1242,13337
2022,32001,25409,2464,24800
2022,32003,2265926,299459,2242185
2022,32005,49476,3678,49185
2022,32007,53600,5473,52640
2022,32009,980,157,973
2022,32011,1622,285,1616
2022,32013,17266,2448,17082
2022,32015,5728,611,5679
2022,32017,4507,288,4009
2022,32019,59435,6114,59070
2022,32021,4568,828,4482
2022,32023,51698,7746,50648
2022,32027,6587,472,4807
2022,32029,4095,371,4083
2022,32031,486674,52165,479485
2022,32033,8997,684,7399
2022,32510,58249,6213,55586
2022,33001,63914,5408,63104
2022,33003,50679,3998,49977
2022,33005,76610,6538,72615
2022,33007,31430,3419,29447
2022,33009,90836,8361,84824
2022,33011,422733,28465,414999
2022,33013,153918,10722,147941
2022,33015,315169,15149,312677
2022,33017,130965,11112,121838
2022,33019,43356,4990,42652
2022,34001,274339,34989,268551
2022,34003,953243,63825,942790
2022,34005,461853,29718,451399
2022,34007,522581,64050,516195
2022,34009,95456,8443,94207
2022,34011,153588,22292,143658
2022,34013,853374,125228,832973
2022,34015,302621,22231,297505
2022,34017,712029,99546,703117
2022,34019,129099,4685,126809
2022,34021,383732,41079,365993
2022,34023,860147,69626,833382
2022,34025,643064,40595,636657
2022,34027,508816,24800,500925
2022,34029,638691,66258,631808
2022,34031,519986,68995,512486
2022,34033,64840,8271,63462
2022,34035,344978,18097,341965
2022,34037,144808,7948,143434
2022,34039,572079,50130,565679
2022,34041,109739,8373,108117
2022,35001,674692,109353,666186
2022,35003,3635,756,3594
2022,35005,64701,13522,62071
2022,35006,27211,7063,25902
2022,35007,12370,2130,11780
2022,35009,48327,9113,47126
2022,35011,1695,273,1679
2022,35013,219870,48732,214116
2022,35015,61264,7132,60623
2022,35017,28006,5538,27068
2022,35019,4413,801,3877
2022,35021,671,96,671
2022,35023,4160,939,4045
2022,35025,73103,12557,70650
2022,35027,20222,3140,19973
2022,35028,19253,710,19145
2022,35029,25393,5816,24977
2022,35031,72073,23950,71320
2022,35033,4208,911,4193
2022,35035,67850,12457,64332
2022,35037,8641,2094,8413
2022,35039,40285,8722,39961
2022,35041,19142,3697,17975
2022,35043,149460,14965,148322
2022,35045,121798,29458,120222
2022,35047,27215,6092,25879
2022,35049,154481,18751,152064
2022,35051,11506,2834,11246
2022,35053,16453,4812,15759
2022,35055,34475,5087,34253
2022,35057,15203,3219,15109
2022,35059,4074,639,3587
2022,35061,76613,13292,74848
2022,36001,315041,37608,299750
2022,36003,47222,7236,42434
2022,36005,1443229,379925,1411574
2022,36007,198365,35991,188620
2022,36009,77000,13016,74703
2022,36011,76171,9744,72403
2022,36013,127440,21513,122629
2022,36015,83584,12118,79840
2022,36017,47096,5747,46254
2022,36019,79839,9586,73526
2022,36021,61469,6157,59940
2022,36023,46755,5575,43164
2022,36025,44637,6295,42534
2022,36027,296467,24165,281834
2022,36029,951232,127623,928025
2022,36031,37314,3670,35200
2022,36033,47459,7719,43182
2022,36035,53280,7280,52288
2022,36037,58204,5974,57184
2022,36039,48067,4713,45260
2022,36041,5090,541,5046
2022,36043,60293,7140,59253
2022,36045,117445,14310,111843
2022,36047,2679620,503524,2653797
2022,36049,26690,3459,26429
2022,36051,61980,6667,56947
2022,36053,68020,5961,62575
2022,36055,756406,98468,732201
2022,36057,49624,7383,48859
2022,36059,1389160,73765,1369875
2022,36061,1645867,252677,1599733
2022,36063,212230,27046,208545
2022,36065,231055,31854,220693
2022,36067,472637,63066,453541
2022,36069,112288,9803,108869
2022,36071,401237,51059,392337
2022,36073,40148,4801,38163
2022,36075,118037,19320,112815
2022,36077,59678,7090,54636
2022,36079,97942,6129,96699
2022,36081,2360826,272926,2334022
2022,36083,160943,17789,155156
2022,36085,492925,50556,487849
2022,36087,337326,50181,332964
2022,36089,108670,16674,97855
2022,36091,236328,15248,232775
2022,36093,159447,18013,155459
2022,36095,29970,2904,28637
2022,36097,17855,2781,17652
2022,36099,33651,4144,31526
2022,36101,93584,12388,92210
2022,36103,1524486,97307,1498622
2022,36105,78725,11211,75537
2022,36107,48344,4848,47729
2022,36109,102555,14232,88751
2022,36111,182153,25740,174977
2022,36113,65684,5607,64939
2022,36115,61310,6641,58363
2022,36117,91324,9958,90405
2022,36119,997904,83412,977070
2022,36121,40338,4037,37732
2022,36123,24713,3347,23537
2022,37001,171779,23763,167137
2022,37003,36505,4295,35063
2022,37005,10989,2127,10880
2022,37007,22200,3913,20225
2022,37009,26759,3734,26450
2022,37011,17679,1653,14732
2022,37013,44711,7524,44126
2022,37015,17818,3500,16344
2022,37017,29807,7188,29436
2022,37019,139721,12578,138584
2022,37021,269449,29543,262724
2022,37023,87799,14453,85261
2022,37025,226396,18865,224288
2022,37027,80716,10551,79612
2022,37029,10547,619,10537
2022,37031,68353,6489,67122
2022,37033,22747,3288,21297
2022,37035,161011,20605,157959
2022,37037,76754,7877,75883
2022,37039,28868,4770,28502
2022,37041,13835,2837,13591
2022,37043,11186,1493,11073
2022,37045,99527,17926,97521
2022,37047,50827,10149,48119
2022,37049,101098,13507,96165
2022,37051,335207,55872,318270
2022,37053,28616,2409,28433
2022,37055,37160,2398,36986
2022,37057,169498,23343,167555
2022,37059,43030,4958,42701
2022,37061,49312,9024,48722
2022,37063,325101,38202,311331
2022,37065,49067,10652,48331
2022,37067,383739,56760,373308
2022,37069,69680,6614,68183
2022,37071,228972,27965,225050
2022,37073,10509,1482,10355
2022,37075,8047,894,7911
2022,37077,61161,8245,57408
2022,37079,20407,4016,17790
2022,37081,539557,78085,517959
2022,37083,48772,11347,47554
2022,37085,134718,18893,131384
2022,37087,62152,7440,61405
2022,37089,116469,13087,115037
2022,37091,21633,3959,19513
2022,37093,52612,8840,51151
2022,37095,4636,1209,4042
2022,37097,187839,17505,185782
2022,37099,42388,7476,38643
2022,37101,219042,23185,216578
2022,37103,9263,1622,9158
2022,37105,63560,9934,62138
2022,37107,55071,12093,53939
2022,37109,87933,8062,87000
2022,37111,44629,6463,43266
2022,37113,37088,5661,36699
2022,37115,21414,2566,20527
2022,37117,21992,4425,21573
2022,37119,1115403,115796,1098264
2022,37121,14989,1959,14621
2022,37123,25839,4035,24932
2022,37125,100759,9380,99021
2022,37127,95015,13523,92984
2022,37129,228134,28197,221999
2022,37131,17528,3132,16769
2022,37133,203686,23314,182853
2022,37135,145919,16503,134428
2022,37137,12317,1588,11488
2022,37139,40454,4370,37690
2022,37141,61592,7050,60252
2022,37143,13053,1724,12947
2022,37145,39131,6665,38726
2022,37147,171196,32978,164618
2022,37149,19538,2116,19227
2022,37151,144403,21016,142629
2022,37153,43149,9631,41855
2022,37155,117573,30923,114042
2022,37157,91209,16806,89294
2022,37159,147067,23443,142790
2022,37161,64680,11655,63423
2022,37163,59317,12959,58195
2022,37165,34222,8360,31986
2022,37167,62723,8369,60758
2022,37169,44696,5281,43968
2022,37171,71429,12615,70302
2022,37173,14130,2747,13871
2022,37175,33131,4305,32163
2022,37177,3389,430,2690
2022,37179,240109,16125,237005
2022,37181,42492,7862,41977
2022,37183,1132103,90909,1110026
2022,37185,18803,3819,17986
2022,37187,11051,2354,10892
2022,37189,54540,12190,48908
2022,37191,117480,20581,114736
2022,37193,66125,11148,65006
2022,37195,78667,15714,77200
2022,37197,37280,5102,36926
2022,37199,18538,2811,18395
2022,38001,2190,284,2114
2022,38003,10826,1329,10245
2022,38005,5960,1614,5933
2022,38007,839,92,828
2022,38009,6411,499,6089
2022,38011,2975,310,2893
2022,38013,2184,142,2177
2022,38015,98443,7526,94770
2022,38017,186328,19590,180833
2022,38019,3691,358,3580
2022,38021,5003,433,4715
2022,38023,2195,140,2116
2022,38025,4049,270,3977
2022,38027,2345,275,2231
2022,38029,3297,217,3232
2022,38031,3388,274,3283
2022,38033,1734,215,1711
2022,38035,72927,9708,68519
2022,38037,2320,349,2272
2022,38039,2309,144,2213
2022,38041,2477,236,2312
2022,38043,2391,297,2325
2022,38045,4135,488,4011
2022,38047,1849,145,1773
2022,38049,5326,540,5252
2022,38051,2529,329,2414
2022,38053,14081,1856,13865
2022,38055,9781,661,9642
2022,38057,8366,785,8169
2022,38059,33192,2647,32538
2022,38061,9648,1182,9546
2022,38063,3025,316,2913
2022,38065,1832,211,1831
2022,38067,6853,609,6629
2022,38069,3999,429,3829
2022,38071,11613,1761,11162
2022,38073,5663,542,5463
2022,38075,2282,142,2212
2022,38077,16548,1705,15266
2022,38079,12292,2969,11947
2022,38081,3828,234,3769
2022,38083,1338,92,1327
2022,38085,3896,1521,3827
2022,38087,837,39,837
2022,38089,32989,3255,32084
2022,38091,1774,231,1774
2022,38093,21609,2625,19997
2022,38095,2152,288,2100
2022,38097,8004,495,7544
2022,38099,10553,1000,10326
2022,38101,69532,6127,67831
2022,38103,3990,419,3889
2022,38105,39076,2865,38641
2022,39001,27509,5313,27050
2022,39003,102087,12081,98017
2022,39005,52522,5950,50670
2022,39007,97666,17024,94515
2022,39009,61276,13049,53380
2022,39011,46263,3005,45518
2022,39013,66554,8800,62795
2022,39015,43715,6829,42951
2022,39017,388327,44672,377008
2022,39019,26761,3206,26298
2022,39021,38715,3512,37975
2022,39023,135877,20647,132426
2022,39025,208851,17309,206653
2022,39027,42077,5905,40824
2022,39029,101723,12948,98212
2022,39031,36629,6804,36075
2022,39033,41861,5759,40970
2022,39035,1256620,203273,1232159
2022,39037,51751,5641,51058
2022,39039,38300,3950,37531
2022,39041,216074,9668,213582
2022,39043,75299,8501,74100
2022,39045,159371,13579,155814
2022,39047,28901,4499,28452
2022,39049,1318149,187488,1290258
2022,39051,42602,3577,42108
2022,39053,29276,4916,28640
2022,39055,95455,5518,94368
2022,39057,167567,16929,159782
2022,39059,38409,6448,37969
2022,39061,827671,120457,809498
2022,39063,75072,7708,73131
2022,39065,30622,5134,28278
2022,39067,14528,2194,14217
2022,39069,27601,2581,27139
2022,39071,43285,6342,42711
2022,39073,28104,4598,27699
2022,39075,44273,3888,43450
2022,39077,58518,6351,57781
2022,39079,32563,5555,31921
2022,39081,65280,11465,63119
2022,39083,62657,7645,59302
2022,39085,232236,17476,229184
2022,39087,57994,10232,57075
2022,39089,178844,17152,174769
2022,39091,46098,4981,45630
2022,39093,313101,41092,304388
2022,39095,430014,75081,420801
2022,39097,43961,4009,39226
2022,39099,227979,39017,221872
2022,39101,65366,9641,59975
2022,39103,182347,10758,180756
2022,39105,22242,4287,21888
2022,39107,42321,2637,41468
2022,39109,108818,9102,107625
2022,39111,13401,1841,13247
2022,39113,536121,78373,518377
2022,39115,13851,2264,13667
2022,39117,35049,3659,34598
2022,39119,86393,13133,84080
2022,39121,14216,2001,12036
2022,39123,40367,3481,39712
2022,39125,18827,1759,18665
2022,39127,35451,5369,35003
2022,39129,58809,6813,54529
2022,39131,27151,5297,26694
2022,39133,161217,17374,153784
2022,39135,40929,4191,40562
2022,39137,34400,2232,34020
2022,39139,125008,16356,117887
2022,39141,76957,11548,71678
2022,39143,58885,7498,57864
2022,39145,73716,16750,70411
2022,39147,55062,6063,52140
2022,39149,48145,5189,47503
2022,39151,374199,48133,365462
2022,39153,539361,65839,530415
2022,39155,201749,33912,197890
2022,39157,92840,11413,91505
2022,39159,63411,3131,60543
2022,39161,28833,2378,28414
2022,39163,12790,2419,12687
2022,39165,243189,12120,236019
2022,39167,59639,8198,57956
2022,39169,116680,9869,112323
2022,39171,36973,3996,35717
2022,39173,131564,16241,125680
2022,39175,21818,1484,21515
2022,40001,19726,4339,19439
2022,40003,5683,534,4530
2022,40005,14117,2311,12696
2022,40007,5071,351,4965
2022,40009,22295,4110,18737
2022,40011,8661,1013,7413
2022,40013,46528,7399,45363
2022,40015,26910,4723,25361
2022,40017,156681,12250,153759
2022,40019,48202,7257,47339
2022,40021,47412,9468,45588
2022,40023,14285,3195,14030
2022,40025,2272,246,2253
2022,40027,295060,36252,282413
2022,40029,5287,1196,5214
2022,40031,121777,18561,111976
2022,40033,5537,1179,5414
2022,40035,14144,2538,13176
2022,40037,72076,9590,70769
2022,40039,28391,4290,26740
2022,40041,40791,7647,40152
2022,40043,4504,628,4411
2022,40045,3755,541,3682
2022,40047,62456,8463,60446
2022,40049,25806,3725,25345
2022,40051,55314,5954,54102
2022,40053,4152,533,4022
2022,40055,5531,750,4526
2022,40057,2499,425,2416
2022,40059,3272,443,3143
2022,40061,11651,2467,11507
2022,40063,13409,2484,11919
2022,40065,24776,3491,24012
2022,40067,5420,1221,5276
2022,40069,10410,2275,9959
2022,40071,43859,6998,42751
2022,40073,15290,1838,15035
2022,40075,8446,1915,8267
2022,40077,9537,1522,9136
2022,40079,48525,9567,46898
2022,40081,33734,4746,33243
2022,40083,49919,6551,48260
2022,40085,10158,1430,10060
2022,40087,42393,2987,42127
2022,40089,31003,6460,30611
2022,40091,19159,4154,18763
2022,40093,7678,873,7496
2022,40095,15494,2874,15303
2022,40097,39324,6599,38694
2022,40099,13837,1949,13331
2022,40101,66606,11317,62509
2022,40103,10981,1155,10706
2022,40105,9460,1480,9266
2022,40107,11349,2746,10293
2022,40109,795822,123243,779840
2022,40111,36900,6359,35307
2022,40113,46004,5548,44278
2022,40115,30472,5977,29278
2022,40117,15682,2319,15421
2022,40119,82058,17559,72354
2022,40121,43758,7869,41515
2022,40123,38116,4897,36778
2022,40125,72734,10955,69282
2022,40127,10845,2314,10659
2022,40129,3423,461,3399
2022,40131,95870,8980,94123
2022,40133,23592,5160,22807
2022,40135,39538,7632,39075
2022,40137,43140,7159,42387
2022,40139,21144,4234,20689
2022,40141,7013,1146,6768
2022,40143,668923,94860,658209
2022,40145,82269,7504,81752
2022,40147,52579,7156,51316
2022,40149,10930,1325,10581
2022,40151,8661,1435,7737
2022,40153,20411,2889,19305
2022,41001,16685,2225,16220
2022,41003,95615,17101,89739
2022,41005,420925,31670,418012
2022,41007,41190,4176,40762
2022,41009,52865,4760,52190
2022,41011,64908,10275,63848
2022,41013,24987,1965,24821
2022,41015,23404,2886,23227
2022,41017,199352,18052,197716
2022,41019,111322,16359,109996
2022,41021,1983,251,1952
2022,41023,7237,1164,7059
2022,41025,7496,890,7337
2022,41027,23965,1558,23726
2022,41029,222604,29130,219629
2022,41031,24659,2984,23526
2022,41033,87994,13981,86776
2022,41035,69506,12201,68416
2022,41037,8201,1505,7690
2022,41039,382218,60298,373861
2022,41041,50334,7315,49706
2022,41043,128598,15074,126135
2022,41045,31538,5276,27920
2022,41047,345815,43663,336003
2022,41049,12140,2020,12095
2022,41051,808098,96850,793847
2022,41053,87600,10140,85522
2022,41055,1900,295,1898
2022,41057,27345,3319,26558
2022,41059,79904,8868,75794
2022,41061,26286,3925,25752
2022,41063,7439,676,7351
2022,41065,26639,3049,26082
2022,41067,599541,48495,594027
2022,41069,1407,137,1389
2022,41071,107674,11625,102452
2022,42001,104604,7909,100237
2022,42003,1245310,134587,1212023
2022,42005,65538,6725,64856
2022,42007,167629,17201,164856
2022,42009,47613,5071,47012
2022,42011,428483,49115,415500
2022,42013,122640,15739,119234
2022,42015,60159,7809,59426
2022,42017,645163,35830,636367
2022,42019,194562,14930,189482
2022,42021,133263,18240,127056
2022,42023,4536,674,4501
2022,42025,65018,7551,63983
2022,42027,158665,23717,139187
2022,42029,536474,31170,523110
2022,42031,37489,4942,36064
2022,42033,79707,10274,74728
2022,42035,37860,4771,36293
2022,42037,64924,9313,60824
2022,42039,83876,10204,80087
2022,42041,261269,19199,248034
2022,42043,286108,34256,281414
2022,42045,575312,53557,554170
2022,42047,30886,2733,30494
2022,42049,270495,39662,257534
2022,42051,128417,20090,123997
2022,42053,6959,881,4594
2022,42055,156084,13857,154000
2022,42057,14545,1550,14480
2022,42059,35781,4208,32604
2022,42061,44123,4419,39133
2022,42063,83394,10100,77854
2022,42065,44326,6133,43479
2022,42067,23535,2082,23259
2022,42069,215672,27010,207878
2022,42071,553202,44195,540062
2022,42073,85907,10322,83608
2022,42075,143258,15214,139477
2022,42077,374110,43587,364847
2022,42079,325396,46812,313804
2022,42081,114022,13417,107523
2022,42083,40459,5343,37789
2022,42085,110600,14013,103728
2022,42087,46146,7571,45396
2022,42089,168128,18713,165482
2022,42091,856399,52365,835381
2022,42093,18165,1510,17376
2022,42095,314299,27768,302042
2022,42097,91340,10872,87681
2022,42099,45941,3712,45398
2022,42101,1593208,351811,1548400
2022,42103,58996,5854,58476
2022,42105,16390,1975,16150
2022,42107,143201,16822,136269
2022,42109,39797,3101,37048
2022,42111,73802,7513,69340
2022,42113,5880,689,5636
2022,42115,38540,4254,38100
2022,42117,41186,4926,40516
2022,42119,42908,3731,34497
2022,42121,50475,6619,49524
2022,42123,38492,4389,37855
2022,42125,209631,19392,204201
2022,42127,51227,5272,47959
2022,42129,354414,33778,347295
2022,42131,26219,2850,25401
2022,42133,457051,38540,448114
2022,44001,50658,3394,46902
2022,44003,170168,12655,168632
2022,44005,85442,6373,81975
2022,44007,657984,85858,630289
2022,44009,129998,9753,123991
2022,45001,24368,3752,23589
2022,45003,169865,23653,167009
2022,45005,8073,1955,7185
2022,45007,204592,28770,201569
2022,45009,13311,2785,12507
2022,45011,20653,5116,20226
2022,45013,189071,19003,183472
2022,45015,231419,24818,227158
2022,45017,14145,2594,13902
2022,45019,409840,48952,398918
2022,45021,56200,9921,55159
2022,45023,32171,6053,31942
2022,45025,43536,8738,43008
2022,45027,31163,5827,29847
2022,45029,38561,6259,37645
2022,45031,63025,12494,61767
2022,45033,28255,8819,27900
2022,45035,162139,19665,159429
2022,45037,26181,4074,24013
2022,45039,20942,3866,20653
2022,45041,137015,23845,133813
2022,45043,63594,10078,62975
2022,45045,528251,56304,515699
2022,45047,69309,11498,66291
2022,45049,18890,3613,18080
2022,45051,356578,45882,350198
2022,45053,29444,5064,28267
2022,45055,65779,9446,65431
2022,45057,97611,11546,95425
2022,45059,67456,12281,65189
2022,45061,16557,4247,15287
2022,45063,295934,33967,292862
2022,45065,9612,1435,8601
2022,45067,29212,7925,28930
2022,45069,26585,6733,24198
2022,45071,37918,5699,36666
2022,45073,78775,12239,78007
2022,45075,84159,20224,80882
2022,45077,131106,20880,123400
2022,45079,416161,65215,387564
2022,45081,18952,3348,18710
2022,45083,330119,46447,322193
2022,45085,105199,16820,102470
2022,45087,27158,5624,26722
2022,45089,30879,6901,29328
2022,45091,282987,23474,278246
2022,46003,2590,128,2491
2022,46005,19089,1811,18721
2022,46007,3391,991,3348
2022,46009,7018,630,5380
2022,46011,34631,3922,31424
2022,46013,38278,3923,37193
2022,46015,5247,707,5076
2022,46017,1859,673,1843
2022,46019,10369,841,10213
2022,46021,1534,86,1530
2022,46023,9302,2049,8961
2022,46025,3837,351,3722
2022,46027,14953,2670,12612
2022,46029,28402,3060,27937
2022,46031,3906,1687,3883
2022,46033,8515,693,8376
2022,46035,19966,2906,19136
2022,46037,5485,789,5362
2022,46039,4298,244,4241
2022,46041,5275,1609,5204
2022,46043,2823,394,2713
2022,46045,4014,282,3850
2022,46047,7079,1315,6817
2022,46049,2140,494,2073
2022,46051,7533,724,7382
2022,46053,3983,503,3921
2022,46055,1755,183,1715
2022,46057,6196,445,5993
2022,46059,3075,232,3018
2022,46061,3443,207,3443
2022,46063,1176,75,1167
2022,46065,17812,1676,16720
2022,46067,7401,701,7084
2022,46069,1319,85,1278
2022,46071,2838,1058,2755
2022,46073,1836,163,1790
2022,46075,1006,149,1006
2022,46077,5172,470,5067
2022,46079,11207,1035,10714
2022,46081,26047,2794,25242
2022,46083,65801,4201,65120
2022,46085,3719,919,3664
2022,46087,5714,464,5552
2022,46089,2251,279,2111
2022,46091,4363,319,4253
2022,46093,29970,2156,28966
2022,46095,1989,935,1903
2022,46097,2312,236,2246
2022,46099,197742,16775,192729
2022,46101,6346,599,6247
2022,46102,13695,7546,13529
2022,46103,110386,13138,107105
2022,46105,2970,349,2922
2022,46107,2587,174,2496
2022,46109,10242,2085,10006
2022,46111,2373,201,2307
2022,46115,6355,663,6235
2022,46117,2979,96,2979
2022,46119,1318,111,1308
2022,46121,9353,4794,9184
2022,46123,5607,1174,5358
2022,46125,8687,780,8452
2022,46127,16700,1360,16485
2022,46129,5317,688,5197
2022,46135,23311,1730,21668
2022,46137,2455,1015,2455
2022,47001,77337,11660,75726
2022,47003,50533,6175,49832
2022,47005,15933,2835,15783
2022,47007,14816,3549,13646
2022,47009,135951,11500,133778
2022,47011,108859,14128,105361
2022,47013,39397,7473,38444
2022,47015,14481,2168,14330
2022,47017,28381,4502,27371
2022,47019,56315,9896,54554
2022,47021,41184,3802,40697
2022,47023,17392,2535,16020
2022,47025,32092,5621,30657
2022,47027,7592,1668,7491
2022,47029,36186,7158,35597
2022,47031,58080,9700,57410
2022,47033,13955,2147,13737
2022,47035,61552,7697,60910
2022,47037,709786,98696,688474
2022,47039,11483,2168,11267
2022,47041,20209,3999,19785
2022,47043,54563,5849,53873
2022,47045,36818,5916,36219
2022,47047,42228,4041,41693
2022,47049,18642,3672,18208
2022,47051,42980,5865,40546
2022,47053,50455,6864,49325
2022,47055,30317,3970,29359
2022,47057,23648,4118,23450
2022,47059,70399,10651,68258
2022,47061,13550,2422,13275
2022,47063,64531,10874,63446
2022,47065,367193,43857,357233
2022,47067,6726,2107,6516
2022,47069,25519,3515,21855
2022,47071,26824,5095,26290
2022,47073,57107,9511,56345
2022,47075,17806,3849,17557
2022,47077,27845,4923,27310
2022,47079,32305,5731,31713
2022,47081,24996,3329,23354
2022,47083,8253,1066,7966
2022,47085,19032,2233,18536
2022,47087,11730,2266,11497
2022,47089,55017,5920,53132
2022,47091,17982,3465,16048
2022,47093,481406,58167,469459
2022,47095,6898,1281,4586
2022,47097,25171,4118,22920
2022,47099,44377,7021,43689
2022,47101,12637,2339,12376
2022,47103,35365,4147,34727
2022,47105,55507,6519,55140
2022,47107,53532,7109,52123
2022,47109,25895,4263,25490
2022,47111,25365,4123,24979
2022,47113,98644,17188,94680
2022,47115,28852,4642,28501
2022,47117,34567,5302,34016
2022,47119,102002,8938,100691
2022,47121,12839,1964,12725
2022,47123,46489,7235,45190
2022,47125,222305,25950,217646
2022,47127,6558,640,6448
2022,47129,21124,3897,18643
2022,47131,30670,4867,30145
2022,47133,22576,3840,22229
2022,47135,8432,1172,8229
2022,47137,5042,1043,4969
2022,47139,17620,2222,17264
2022,47141,80157,12497,76568
2022,47143,33031,5055,32184
2022,47145,53777,6466,53210
2022,47147,73297,7470,72440
2022,47149,343727,33248,338083
2022,47151,21917,5499,21393
2022,47153,16065,3520,15813
2022,47155,98455,12864,96769
2022,47157,926440,164861,909754
2022,47159,20034,2950,19862
2022,47161,13724,1547,13487
2022,47163,158722,23761,156394
2022,47165,196845,18315,194764
2022,47167,61116,6509,60263
2022,47169,11596,1044,9116
2022,47171,17845,2880,17276
2022,47173,19860,3110,19571
2022,47175,6182,1012,5952
2022,47177,41163,6818,40577
2022,47179,133282,20237,128603
2022,47181,16325,2837,14444
2022,47183,32946,5796,30653
2022,47185,27420,4605,27008
2022,47187,248897,10337,247809
2022,47189,149096,12172,146817
2022,48001,58077,7117,45524
2022,48003,18362,2177,18230
2022,48005,86608,13536,84075
2022,48007,24048,4241,23731
2022,48009,8649,1054,8579
2022,48011,1912,109,1849
2022,48013,49403,6837,48617
2022,48015,30406,3593,30093
2022,48017,6902,851,6680
2022,48019,21182,2968,20802
2022,48021,98435,11454,95924
2022,48023,3475,395,3396
2022,48025,30977,4703,23560
2022,48027,372821,52988,360787
2022,48029,2014059,299972,1977132
2022,48031,11608,1122,11482
2022,48033,686,11,686
2022,48035,18404,2084,18052
2022,48037,92747,15117,86991
2022,48039,374600,27271,362047
2022,48041,234548,52720,216892
2022,48043,9454,1445,9233
2022,48045,1290,311,1277
2022,48047,7059,2176,6551
2022,48049,38159,4822,36298
2022,48051,17958,2205,17698
2022,48053,49684,3806,48579
2022,48055,46141,6144,43844
2022,48057,20127,1826,19837
2022,48059,13869,1203,13685
2022,48061,421854,106182,418955
2022,48063,12543,2689,12487
2022,48065,5801,432,5758
2022,48067,28637,5220,28219
2022,48069,7381,908,7299
2022,48071,47037,6406,46751
2022,48073,50824,7847,47337
2022,48075,6781,802,5317
2022,48077,10290,925,10173
2022,48079,2529,640,2476
2022,48081,3305,524,3174
2022,48083,7808,1321,7719
2022,48085,1079153,67718,1071135
2022,48087,2865,623,2788
2022,48089,20582,1490,19995
2022,48091,165201,9998,163887
2022,48093,13651,1816,13424
2022,48095,3235,385,2417
2022,48097,41860,5479,41107
2022,48099,82927,7092,66828
2022,48101,1647,397,1647
2022,48103,4636,172,4514
2022,48105,2949,269,2888
2022,48107,5157,1192,5056
2022,48109,2181,480,2166
2022,48111,7165,600,7007
2022,48113,2604053,359882,2573799
2022,48115,12342,2624,10588
2022,48117,18585,2899,18299
2022,48119,5278,736,5215
2022,48121,914870,66977,903074
2022,48123,19826,2959,17896
2022,48125,1570,183,1491
2022,48127,8672,3726,8552
2022,48129,3298,334,2953
2022,48131,9960,2017,9347
2022,48133,17812,2738,16910
2022,48135,162300,25297,160274
2022,48137,1380,315,1346
2022,48139,195509,15850,193409
2022,48141,863832,165778,849872
2022,48143,42788,6667,40305
2022,48145,17013,2400,15142
2022,48147,36052,4237,33020
2022,48149,24564,2451,24123
2022,48151,3680,442,3629
2022,48153,5386,1016,5340
2022,48155,1075,226,1024
2022,48157,832607,57188,825704
2022,48159,10445,891,10332
2022,48161,19599,2300,18170
2022,48163,18151,3039,14708
2022,48165,21523,2708,21389
2022,48167,350801,37987,344758
2022,48169,5735,663,4308
2022,48171,26953,2413,26603
2022,48173,1068,56,1068
2022,48175,7092,698,6992
2022,48177,19736,2540,19430
2022,48179,21272,3316,19510
2022,48181,137008,15361,134425
2022,48183,124245,19907,120323
2022,48185,29442,3719,25872
2022,48187,173828,14956,171796
2022,48189,32525,5596,30229
2022,48191,2847,519,2795
2022,48193,8244,1377,8032
2022,48195,5270,434,5194
2022,48197,3541,390,3490
2022,48199,56576,7506,55766
2022,48201,4726177,737681,4677056
2022,48203,69098,10946,66994
2022,48205,5369,270,3888
2022,48207,5408,773,5140
2022,48209,245351,30750,237907
2022,48211,3371,204,3322
2022,48213,82627,11986,81208
2022,48215,873167,239276,863824
2022,48217,36138,4681,35145
2022,48219,21495,3129,20762
2022,48221,62459,5467,61634
2022,48223,37008,4874,36377
2022,48225,22107,3374,19160
2022,48227,34488,4428,30537
2022,48229,3329,620,2437
2022,48231,101596,12082,98688
2022,48233,20595,2114,20404
2022,48235,1561,116,1561
2022,48237,8588,1096,7559
2022,48239,15010,1770,14799
2022,48241,33032,7291,31924
2022,48243,1992,480,1951
2022,48245,254942,43498,239089
2022,48247,4830,1364,4703
2022,48249,39060,8731,38594
2022,48251,182690,19045,179607
2022,48253,19758,1924,13553
2022,48255,14805,2355,11214
2022,48257,149773,14486,148029
2022,48259,45376,2280,44762
2022,48261,116,3,116
2022,48263,635,46,578
2022,48265,52810,6395,51003
2022,48267,4316,528,4251
2022,48269,216,60,216
2022,48271,3157,459,2938
2022,48273,30860,8885,29068
2022,48275,3333,366,3203
2022,48277,50149,7892,49447
2022,48279,13024,2233,12797
2022,48281,21829,2052,21622
2022,48283,6965,1683,6004
2022,48285,20379,2035,19876
2022,48287,17543,2258,17152
2022,48289,15928,2277,15846
2022,48291,93523,15410,86962
2022,48293,22222,4600,21400
2022,48295,3038,409,2966
2022,48297,11374,2081,9890
2022,48299,21637,2420,21393
2022,48301,96,5,96
2022,48303,311509,51472,298979
2022,48305,5619,1041,5534
2022,48307,7638,1005,7464
2022,48309,261090,44851,250840
2022,48311,670,100,670
2022,48313,13556,1403,11248
2022,48315,9668,1502,9565
2022,48317,5228,873,5170
2022,48319,3959,195,3950
2022,48321,36251,7798,35830
2022,48323,57806,13473,57490
2022,48325,51432,5045,49103
2022,48327,1964,431,1917
2022,48329,169393,18020,167587
2022,48331,25080,3505,24558
2022,48333,4501,297,4319
2022,48335,8947,1042,7211
2022,48337,20197,2573,19861
2022,48339,629989,55202,626227
2022,48341,21284,2839,21061
2022,48343,11993,1844,11696
2022,48345,1223,115,1223
2022,48347,64768,13339,59438
2022,48349,52834,8502,51662
2022,48351,12333,2944,12156
2022,48353,14657,2230,14354
2022,48355,353245,59784,345480
2022,48357,9924,1200,9823
2022,48359,2171,318,1852
2022,48361,84761,9995,83847
2022,48363,28569,4473,28250
2022,48365,22540,3078,22030
2022,48367,151188,11791,149019
2022,48369,9809,924,9713
2022,48371,15114,2926,12741
2022,48373,50536,7654,46758
2022,48375,117905,23029,111208
2022,48377,6168,2465,6163
2022,48379,12257,1338,12171
2022,48381,141489,13072,138573
2022,48383,3308,236,3284
2022,48385,2830,636,2593
2022,48387,11627,2310,11429
2022,48389,14022,2704,12897
2022,48391,6718,1068,6553
2022,48393,764,112,760
2022,48395,16912,2380,16703
2022,48397,110631,4575,109629
2022,48399,9858,1136,9580
2022,48401,52755,6416,47796
2022,48403,9980,1705,9850
2022,48405,7920,2093,7671
2022,48407,27666,4780,27507
2022,48409,68942,10701,67900
2022,48411,5779,736,5154
2022,48413,2474,357,2466
2022,48415,16883,1757,14862
2022,48417,3134,350,3097
2022,48419,24157,5575,23964
2022,48421,2414,198,2380
2022,48423,234667,28799,228331
2022,48425,9337,667,9160
2022,48427,65716,21796,65140
2022,48429,9260,1467,8806
2022,48431,1392,24,1356
2022,48433,1331,91,1289
2022,48435,3345,551,3326
2022,48437,6989,1879,6366
2022,48439,2113854,229643,2083760
2022,48441,143029,19947,136790
2022,48443,862,55,862
2022,48445,11816,2464,11023
2022,48447,1439,201,1439
2022,48449,31301,5674,30946
2022,48451,119276,13332,113564
2022,48453,1289054,142451,1262697
2022,48455,13735,1925,13520
2022,48457,19962,3184,17737
2022,48459,41261,5900,40525
2022,48461,3284,655,3221
2022,48463,24833,5791,24005
2022,48465,47693,7418,45793
2022,48467,60053,7760,59033
2022,48469,91209,14870,89351
2022,48471,77182,11841,60850
2022,48473,57463,6890,52888
2022,48475,11347,1530,11236
2022,48477,35807,3988,33541
2022,48479,267282,56471,264040
2022,48481,41614,5998,40955
2022,48483,4980,896,4887
2022,48485,129584,18483,117321
2022,48487,12795,2244,12200
2022,48489,20308,5032,18905
2022,48491,617396,38840,612543
2022,48493,50381,5112,49678
2022,48495,7582,947,7496
2022,48497,70062,6230,68603
2022,48499,45341,5497,43538
2022,48501,7630,1036,7606
2022,48503,17903,2767,17606
2022,48505,13896,5109,13739
2022,48507,9700,2987,9634
2022,49001,7102,485,6898
2022,49003,58291,4719,57908
2022,49005,134428,17695,130636
2022,49007,20338,3317,19975
2022,49009,638,46,589
2022,49011,363032,21786,360353
2022,49013,19779,2625,19443
2022,49015,9898,1156,9791
2022,49017,5121,787,4947
2022,49019,9680,1505,9599
2022,49021,58068,8109,57417
2022,49023,11943,1009,11784
2022,49025,7814,978,7571
2022,49027,13027,1439,12862
2022,49029,12367,213,12355
2022,49031,1764,365,1746
2022,49033,2543,203,2535
2022,49035,1180643,94306,1164763
2022,49037,14524,2937,14222
2022,49039,28816,3888,26244
2022,49041,21667,2501,21303
2022,49043,42524,2218,42362
2022,49045,74032,3322,73221
2022,49047,35951,4105,35473
2022,49049,666021,57565,649200
2022,49051,35009,1864,34777
2022,49053,183297,15967,181111
2022,49055,2532,212,2505
2022,49057,262960,19866,260040
2022,50001,37434,2577,34374
2022,50003,37326,4059,36227
2022,50005,30418,3500,29636
2022,50007,168309,17754,159030
2022,50009,5976,789,5963
2022,50011,50101,5151,49650
2022,50013,7335,544,7315
2022,50015,25977,2177,25362
2022,50017,29439,2662,28873
2022,50019,27459,2610,26585
2022,50021,60585,6677,58789
2022,50023,59768,5703,57717
2022,50025,45857,5563,44303
2022,50027,57832,4973,57053
2022,51001,33367,5240,32960
2022,51003,112513,7378,104000
2022,51005,15159,2035,14863
2022,51007,13309,1469,13201
2022,51009,31426,3452,30574
2022,51011,16253,2225,16156
2022,51013,235845,15527,232818
2022,51015,77433,5981,73764
2022,51017,4177,956,4040
2022,51019,79761,7161,78985
2022,51021,6241,564,5247
2022,51023,33734,2397,33322
2022,51025,15965,2346,13666
2022,51027,20246,4878,19298
2022,51029,16869,2083,14870
2022,51031,55518,5460,54722
2022,51033,31181,3435,29697
2022,51035,29126,4411,28950
2022,51036,6760,836,6706
2022,51037,11563,2304,11342
2022,51041,366019,24163,361091
2022,51043,14882,789,14615
2022,51045,4898,518,4740
2022,51047,52822,3752,51171
2022,51049,9697,770,9691
2022,51051,14089,3062,13625
2022,51053,28057,3014,27279
2022,51057,10602,1797,10501
2022,51059,1145354,67901,1134981
2022,51061,73290,4241,72837
2022,51063,15532,1453,15414
2022,51065,27442,1561,25778
2022,51067,54838,7046,53168
2022,51069,92007,6114,90311
2022,51071,16711,1596,16527
2022,51073,38875,2846,38172
2022,51075,24906,1009,23876
2022,51077,15356,2700,14450
2022,51079,20631,2273,20446
2022,51081,11373,1090,8427
2022,51083,34013,4867,33112
2022,51085,110513,5620,108429
2022,51087,333120,27770,329884
2022,51089,50760,8035,49816
2022,51091,2247,230,2243
2022,51093,38898,3771,38628
2022,51095,78818,5675,77952
2022,51097,6681,1330,6671
2022,51099,26985,1846,26644
2022,51101,17845,1420,17697
2022,51103,10866,1489,10632
2022,51105,22287,5380,20708
2022,51107,420773,15706,418293
2022,51109,38106,4120,37938
2022,51111,11988,1445,11083
2022,51113,13828,1083,13612
2022,51115,8537,578,8454
2022,51117,30367,5508,29350
2022,51119,10738,990,10259
2022,51121,99373,22144,88977
2022,51125,14773,1950,14726
2022,51127,23296,889,22685
2022,51131,12132,1983,11845
2022,51133,12007,1767,11927
2022,51135,15638,2652,13887
2022,51137,36593,4670,35955
2022,51139,23753,2361,23527
2022,51141,17660,1964,17189
2022,51143,60541,9714,59197
2022,51145,30503,1305,28724
2022,51147,21922,2988,16499
2022,51149,42634,3040,36712
2022,51153,481114,28768,475568
2022,51155,33841,4261,32419
2022,51157,7422,565,7393
2022,51159,8968,556,7367
2022,51161,96653,6665,94199
2022,51163,22673,1983,22299
2022,51165,83905,7161,81827
2022,51167,25763,4925,25489
2022,51169,21536,3523,20729
2022,51171,44337,5504,43835
2022,51173,29799,5460,29048
2022,51175,18003,1384,16546
2022,51177,141097,10308,140211
2022,51179,157606,8268,153799
2022,51181,6546,870,6517
2022,51183,10866,1198,9402
2022,51185,40392,7035,38764
2022,51187,40800,4771,39879
2022,51191,53985,6303,52469
2022,51193,18480,2935,18295
2022,51195,36105,6612,33203
2022,51197,28275,4811,27956
2022,51199,70238,3262,68748
2022,51510,157594,13760,155927
2022,51520,17036,2840,16751
2022,51530,6639,1334,6081
2022,51540,46289,10254,43456
2022,51550,249377,18669,244451
2022,51570,18158,1826,17854
2022,51580,5722,951,5620
2022,51590,42507,10350,40915
2022,51595,5680,939,5420
2022,51600,24242,2337,23374
2022,51610,14576,338,14530
2022,51620,8194,1506,8034
2022,51630,28258,4667,25880
2022,51640,6687,1434,6397
2022,51650,137217,17890,132914
2022,51660,51784,12123,44517
2022,51670,23046,4867,22824
2022,51678,7346,696,4185
2022,51680,79166,12033,68631
2022,51683,42620,2014,42484
2022,51685,17123,863,17051
2022,51690,13539,3217,13086
2022,51700,185118,26056,177672
2022,51710,236973,36342,215523
2022,51720,3668,1049,3604
2022,51730,33261,7275,32754
2022,51735,12479,560,12452
2022,51740,97384,16331,94087
2022,51750,16379,4501,13320
2022,51760,227171,42324,217337
2022,51770,99213,18635,97496
2022,51775,25372,2186,22735
2022,51790,25581,2763,24146
2022,51800,94856,8868,93993
2022,51810,457900,36085,449133
2022,51820,22341,3562,22073
2022,51830,15486,1451,10629
2022,51840,28103,4539,26939
2022,53001,20557,4251,20313
2022,53003,22370,3564,22154
2022,53005,207560,21647,205548
2022,53007,79076,7212,78213
2022,53009,77333,8289,76215
2022,53011,504091,44315,499749
2022,53013,3980,367,3941
2022,53015,110621,13253,109144
2022,53017,43189,3402,42996
2022,53019,7260,1114,7174
2022,53021,96692,12619,94022
2022,53023,2310,254,2280
2022,53025,99145,14019,98304
2022,53027,75672,10806,72532
2022,53029,86510,5725,83743
2022,53031,33006,4473,32353
2022,53033,2254371,187794,2223603
2022,53035,275411,22101,267221
2022,53037,44424,6121,42247
2022,53039,22798,3132,22741
2022,53041,82663,10018,81586
2022,53043,11036,1269,10905
2022,53045,66053,8387,64766
2022,53047,42336,7853,41656
2022,53049,23396,3022,22954
2022,53051,13570,1730,13381
2022,53053,918993,77932,899960
2022,53055,18001,1954,17778
2022,53057,129480,15305,127780
2022,53059,12118,1036,12005
2022,53061,828337,62171,817973
2022,53063,538711,64591,524665
2022,53065,46774,6161,46337
2022,53067,294272,27142,290396
2022,53069,4476,609,4436
2022,53071,62150,6396,57648
2022,53073,226523,28469,221226
2022,53075,47141,9796,41060
2022,53077,256143,39239,252637
2022,54001,15527,3278,14897
2022,54003,123283,13305,121632
2022,54005,21705,3543,21435
2022,54007,12505,2196,12072
2022,54009,22349,2353,21314
2022,54011,93965,18063,89806
2022,54013,6279,2103,6245
2022,54015,8049,1947,7929
2022,54017,7847,974,6750
2022,54019,40545,8388,38991
2022,54021,7444,614,5511
2022,54023,11034,1280,10918
2022,54025,32995,6434,32140
2022,54027,23275,3941,22563
2022,54029,28907,3814,28417
2022,54031,14249,2446,14161
2022,54033,65862,8830,64399
2022,54035,27868,5415,27620
2022,54037,58043,5153,56491
2022,54039,179895,29058,176803
2022,54041,16920,2812,16707
2022,54043,20410,3876,20206
2022,54045,32350,7481,31495
2022,54047,18911,5653,16992
2022,54049,56194,8172,54801
2022,54051,30509,4354,29684
2022,54053,25488,4023,24650
2022,54055,59530,10869,57898
2022,54057,26957,3631,26162
2022,54059,23466,6679,23338
2022,54061,105988,20594,99735
2022,54063,12438,1628,12358
2022,54065,17237,1808,17062
2022,54067,24624,4081,24473
2022,54069,42224,5875,39885
2022,54071,6156,989,6048
2022,54073,7622,542,7022
2022,54075,7940,1540,7576
2022,54077,34206,4205,30490
2022,54079,57347,6229,56910
2022,54081,74303,15613,70886
2022,54083,28005,3943,25475
2022,54085,8507,1686,8299
2022,54087,14027,2931,13907
2022,54089,11985,2351,11097
2022,54091,16602,2722,16152
2022,54093,6747,639,6550
2022,54095,8336,986,8200
2022,54097,23875,4009,22485
2022,54099,38933,6490,38771
2022,54101,8362,1477,8281
2022,54103,14431,2397,14102
2022,54105,5202,1046,5156
2022,54107,84272,12257,82913
2022,54109,21237,5137,21023
2022,55001,20730,2890,19859
2022,55003,16041,2563,15406
2022,55005,46683,5401,45946
2022,55007,16214,1676,16049
2022,55009,268393,25358,261482
2022,55011,13329,1088,13216
2022,55013,16561,1911,16410
2022,55015,52361,3052,52146
2022,55017,66254,6318,63609
2022,55019,34703,4168,34026
2022,55021,58272,4266,56729
2022,55023,16123,1900,15359
2022,55025,559891,59287,546254
2022,55027,89032,6485,85066
2022,55029,30038,2573,29709
2022,55031,44092,4824,42956
2022,55033,45221,4581,41732
2022,55035,105697,12308,101854
2022,55037,4574,441,4502
2022,55039,104027,8634,100513
2022,55041,9239,1257,9014
2022,55043,51842,6679,48379
2022,55045,37066,2414,36466
2022,55047,19093,2393,18726
2022,55049,23766,1874,23472
2022,55051,6136,628,5991
2022,55053,20958,2513,19778
2022,55055,85932,6326,82905
2022,55057,26695,3737,25438
2022,55059,168693,18284,164733
2022,55061,20570,1372,20402
2022,55063,120216,13619,115615
2022,55065,16716,1744,16571
2022,55067,19512,2357,19256
2022,55069,28402,2888,27851
2022,55071,81242,8004,80259
2022,55073,137820,11323,135939
2022,55075,41827,3939,40810
2022,55077,15619,1616,15520
2022,55078,4279,850,4254
2022,55079,933063,162787,913393
2022,55081,46208,5259,45434
2022,55083,39048,3181,38463
2022,55085,37799,3552,37168
2022,55087,190611,12949,187315
2022,55089,91745,4036,89705
2022,55091,7363,570,7286
2022,55093,42187,3885,39570
2022,55095,45128,3709,44540
2022,55097,70281,7011,67334
2022,55099,14066,1880,13866
2022,55101,197068,21743,191934
2022,55103,17256,2456,16923
2022,55105,163817,15851,160664
2022,55107,14179,1588,13935
2022,55109,93752,5513,92801
2022,55111,65664,5573,64741
2022,55113,18057,2333,17619
2022,55115,40848,4037,40069
2022,55117,117741,8817,114589
2022,55119,19979,1742,19737
2022,55121,30679,2229,30188
2022,55123,30811,4433,30392
2022,55125,23146,2235,22832
2022,55127,105127,9786,102355
2022,55129,16685,2035,16473
2022,55131,136842,6436,136010
2022,55133,407290,19932,402684
2022,55135,51822,4439,50222
2022,55137,24672,2701,23548
2022,55139,171197,17725,163842
2022,55141,74138,7697,73330
2022,56001,37525,8060,34975
2022,56003,11690,1271,11415
2022,56005,46857,4397,46158
2022,56007,14609,1948,14014
2022,56009,13729,1499,13599
2022,56011,7258,455,7193
2022,56013,39402,5322,38391
2022,56015,12592,1084,11691
2022,56017,4616,720,4477
2022,56019,8536,1401,8407
2022,56021,100316,8831,98336
2022,56023,19794,1387,19649
2022,56025,79506,7120,78006
2022,56027,2460,409,2230
2022,56029,29878,2796,29207
2022,56031,8618,1008,8425
2022,56033,31176,2633,30333
2022,56035,8801,706,8753
2022,56037,42079,4833,41468
2022,56039,23346,1606,23230
2022,56041,20546,1315,20190
2022,56043,7725,503,7547
2022,56045,6870,830,6411
